run_id,nodes,num_clients,iter_count,max_async,duration,meas_warmup,meas_cooldown,sample_compute,collocate_client,block_size,pace_maker,nworker,repnworker,clinworker,repburst,cliburst,sb_users,sb_prob_choose_mtx,sb_skew_factor,lat_node0,lat_node1,lat_node2,lat_node3,fail_node,fail_type,fail_at,imp_timeout,tps,latency_ms_mean,latency_ms_p50,latency_ms_p95,latency_ms_p99,duration_s,n_committed,n_records_dumped,raw_dump_truncated,n_clients,n_replicas_booted,tps_steady,latency_ms_mean_steady,latency_ms_p50_steady,latency_ms_p99_steady,latency_ms_p99_steady_worst_client,n_committed_steady,steady_span_s,clients_committing,last_commit_s,longest_zero_commit_s,stalled,status
LT5_B4_f3_freeze_r1,4,8,-1,4000,120,10,2,true,false,3200,rr,4,4,4,1000,1000,1000000,0.9,0.1,0,0,0,0,3,freeze,40,5,433858.28,73.726,65.323,75.115,93.247,125.08,54265687,2561919,True,8,4,430276.71,74.363,,,82.561,48710914,113.04,8,125.25,0,False,OK
LT2_B3_lead_freeze_r1,4,8,-1,1000,120,10,2,true,false,1600,rr,4,4,4,1000,1000,1000000,0.9,0.1,0,0,0,0,0,freeze,40,2,380850.72,21.019,17.892,21.408,25.422,125.19,47677029,2606935,True,8,4,376158.46,21.262,,,23.927,42659357,113.25,8,125.47,2,False,OK
LT2_B4_lead_freeze_r1,4,8,-1,4000,120,10,2,true,false,3200,rr,4,4,4,1000,1000,1000000,0.9,0.1,0,0,0,0,0,freeze,40,2,382102.58,83.716,69.14,81.289,92.843,125.31,47881574,2615566,True,8,4,376072.13,85.082,,,93.422,42654444,113.26,8,125.48,2,False,OK
LT1_B3_lead_crash_r1,4,8,-1,1000,120,10,2,true,false,1600,rr,4,4,4,1000,1000,1000000,0.9,0.1,0,0,0,0,0,crash,40,1,381737.87,20.97,18.058,21.97,26.297,125.07,47745152,2604261,True,8,4,377286.01,21.199,,,24.874,42743244,113.13,8,125.35,1,False,OK
LT1_B2_f3_freeze_r1,4,4,-1,1000,120,10,2,true,false,800,rr,4,4,4,1000,1000,1000000,0.9,0.1,0,0,0,0,3,freeze,40,1,337521.22,11.853,12.506,15.668,18.481,124.73,42099791,1244389,True,4,4,339315.59,11.784,,,15.877,38331128,112.91,4,124.88,0,False,OK
LT1_B4_lead_freeze_r1,4,8,-1,4000,120,10,2,true,false,3200,rr,4,4,4,1000,1000,1000000,0.9,0.1,0,0,0,0,0,freeze,40,1,379173.98,78.909,70.561,80.317,91.927,124.98,47388800,2632348,True,8,4,373110.71,79.779,,,92.197,42191527,112.92,8,125.15,1,False,OK
LT2_B2_lead_crash_r1,4,4,-1,1000,120,10,2,true,false,800,rr,4,4,4,1000,1000,1000000,0.9,0.1,0,0,0,0,0,crash,40,2,213587.81,16.28,13.553,15.719,17.64,124.74,26642400,1371904,True,4,4,207162.67,16.574,,,19.131,23390670,112.84,4,124.88,2,False,OK
LT5_B3_lead_freeze_r1,4,8,-1,1000,120,10,2,true,false,1600,rr,4,4,4,1000,1000,1000000,0.9,0.1,0,0,0,0,0,freeze,40,5,364063.6,21.988,17.589,21.061,26.346,124.96,45492898,2628946,True,8,4,356664.11,22.425,,,24.39,40364737,113.02,8,125.24,5,True,OK
LT5_B2_lead_crash_r1,4,4,-1,1000,120,10,2,true,false,800,rr,4,4,4,1000,1000,1000000,0.9,0.1,0,0,0,0,0,crash,40,5,283483.92,14.113,12.892,15.127,18.165,124.94,35417910,1313882,True,4,4,280956.88,14.232,,,15.503,31790202,113.08,4,125.08,5,True,OK
LT2_B3_ctl_r1,4,8,-1,1000,120,10,2,true,false,1600,rr,4,4,4,1000,1000,1000000,0.9,0.1,0,0,0,0,-1,,40,2,420984.13,19.015,17.554,21.93,25.713,125.07,52654538,2582003,True,8,4,419344.2,19.073,,,27.42,47512842,113.14,8,125.36,0,False,OK
LT1_B3_f3_crash_r1,4,8,-1,1000,120,10,2,true,false,1600,rr,4,4,4,1000,1000,1000000,0.9,0.1,0,0,0,0,3,crash,40,1,410806.18,19.486,17.56,23.853,28.38,125.15,51410581,2588968,True,8,4,409204.23,19.545,,,24.953,46390717,113.2,8,125.43,1,False,OK
LT2_B3_lead_crash_r1,4,8,-1,1000,120,10,2,true,false,1600,rr,4,4,4,1000,1000,1000000,0.9,0.1,0,0,0,0,0,crash,40,2,180981.01,38.806,18.055,22.226,27.321,94.13,17035200,2852984,True,8,4,113232.74,45.389,,,30.014,12805155,112.93,8,94.41,28,True,OK
LT2_B1_lead_freeze_r1,4,2,-1,1000,120,10,2,true,false,200,rr,4,4,4,1000,1000,1000000,0.9,0.1,0,0,0,0,0,freeze,40,2,148164.62,13.492,11.949,13.102,13.93,124.99,18518893,674802,True,2,4,146476.6,13.649,,,14.479,16568561,113.1,2,125.0,2,False,OK
LT1_B1_ctl_r1,4,2,-1,1000,120,10,2,true,false,200,rr,4,4,4,1000,1000,1000000,0.9,0.1,0,0,0,0,-1,,40,1,140229.41,14.256,13.912,15.451,19.686,124.77,17496800,671446,True,2,4,140005.82,14.28,,,16.095,15807145,112.87,2,124.79,0,False,OK
LT2_B4_f3_freeze_r1,4,8,-1,4000,120,10,2,true,false,3200,rr,4,4,4,1000,1000,1000000,0.9,0.1,0,0,0,0,3,freeze,40,2,417862.73,76.551,67.361,77.672,94.027,125.11,52278400,2590604,True,8,4,413571.14,77.367,,,88.236,46828300,113.06,8,125.28,0,False,OK
LT2_B4_f3_crash_r1,4,8,-1,4000,120,10,2,true,false,3200,rr,4,4,4,1000,1000,1000000,0.9,0.1,0,0,0,0,3,crash,40,2,415324.15,77.018,72.869,82.895,98.85,125.19,51996442,2595373,True,8,4,414008.46,77.285,,,91.447,46910995,113.15,8,125.37,0,False,OK
LT5_B2_f3_crash_r1,4,4,-1,1000,120,10,2,true,false,800,rr,4,4,4,1000,1000,1000000,0.9,0.1,0,0,0,0,3,crash,40,5,338603.21,11.815,13.946,16.37,18.717,124.85,42275200,1231851,True,4,4,342909.82,11.661,,,16.433,38773960,113.0,4,125.0,0,False,OK
LT1_B1_f3_crash_r1,4,2,-1,1000,120,10,2,true,false,200,rr,4,4,4,1000,1000,1000000,0.9,0.1,0,0,0,0,3,crash,40,1,167323.96,11.947,11.875,13.382,14.787,125.01,20917600,654668,True,2,4,167251.16,11.953,,,13.849,18923770,113.12,2,125.03,0,False,OK
LT5_B2_ctl_r1,4,4,-1,1000,120,10,2,true,false,800,rr,4,4,4,1000,1000,1000000,0.9,0.1,0,0,0,0,-1,,40,5,298841.34,13.388,12.913,14.595,16.665,124.85,37311706,1279867,True,4,4,298969.35,13.375,,,17.404,33805584,113.01,4,125.0,0,False,OK
LT2_B2_ctl_r1,4,4,-1,1000,120,10,2,true,false,800,rr,4,4,4,1000,1000,1000000,0.9,0.1,0,0,0,0,-1,,40,2,299874.12,13.342,13.132,15.801,18.525,124.88,37448789,1282701,True,4,4,300262.5,13.317,,,17.183,33958961,113.04,4,125.03,0,False,OK
LT2_B3_f3_crash_r1,4,8,-1,1000,120,10,2,true,false,1600,rr,4,4,4,1000,1000,1000000,0.9,0.1,0,0,0,0,3,crash,40,2,430606.97,18.59,18.23,22.835,26.628,125.03,53838400,2569626,True,8,4,431180.99,18.549,,,24.298,48838133,113.1,8,125.31,0,False,OK
LT1_B2_lead_freeze_r1,4,4,-1,1000,120,10,2,true,false,800,rr,4,4,4,1000,1000,1000000,0.9,0.1,0,0,0,0,0,freeze,40,1,307981.11,12.99,13.617,16.323,18.119,124.79,38432226,1262448,True,4,4,308612.26,12.956,,,16.168,34874720,112.94,4,124.94,1,False,OK
LT1_B2_f3_crash_r1,4,4,-1,1000,120,10,2,true,false,800,rr,4,4,4,1000,1000,1000000,0.9,0.1,0,0,0,0,3,crash,40,1,334026.09,11.977,13.442,16.572,18.661,124.91,41724000,1251841,True,4,4,336964.66,11.866,,,16.367,38123299,113.07,4,125.06,0,False,OK
LT1_B4_f3_crash_r1,4,8,-1,4000,120,10,2,true,false,3200,rr,4,4,4,1000,1000,1000000,0.9,0.1,0,0,0,0,3,crash,40,1,439408.9,72.796,66.931,77.189,88.893,125.12,54976995,2567020,True,8,4,437456.12,73.14,,,85.182,49536269,113.08,8,125.29,0,False,OK
LT1_B3_ctl_r1,4,8,-1,1000,120,10,2,true,false,1600,rr,4,4,4,1000,1000,1000000,0.9,0.1,0,0,0,0,-1,,40,1,429783.09,18.626,17.775,22.146,26.461,125.02,53729912,2567963,True,8,4,429098.82,18.639,,,26.329,48596510,113.09,8,125.3,0,False,OK
LT5_B1_f3_freeze_r1,4,2,-1,1000,120,10,2,true,false,200,rr,4,4,4,1000,1000,1000000,0.9,0.1,0,0,0,0,3,freeze,40,5,164925.55,12.121,12.056,13.723,15.383,124.96,20608642,640141,True,2,4,165072.82,12.111,,,14.279,18670631,113.08,2,124.97,0,False,OK
LT1_B2_ctl_r1,4,4,-1,1000,120,10,2,true,false,800,rr,4,4,4,1000,1000,1000000,0.9,0.1,0,0,0,0,-1,,40,1,305617.52,13.091,13.471,16.238,20.478,124.88,38165373,1267350,True,4,4,305774.19,13.077,,,16.703,34580851,113.02,4,125.02,0,False,OK
LT2_B2_f3_freeze_r1,4,4,-1,1000,120,10,2,true,false,800,rr,4,4,4,1000,1000,1000000,0.9,0.1,0,0,0,0,3,freeze,40,2,340166.76,11.761,12.175,13.426,16.948,124.83,42463200,1248524,True,4,4,342632.12,11.67,,,16.754,38738166,112.99,4,124.98,0,False,OK
LT5_B3_lead_crash_r1,4,8,-1,1000,120,10,2,true,false,1600,rr,4,4,4,1000,1000,1000000,0.9,0.1,0,0,0,0,0,crash,40,5,257721.04,31.064,18.543,22.524,27.45,124.98,32209494,2726237,True,8,4,240498.5,33.26,,,28.656,27217024,113.01,8,125.26,8,True,OK
LT2_B1_f3_crash_r1,4,2,-1,1000,120,10,2,true,false,200,rr,4,4,4,1000,1000,1000000,0.9,0.1,0,0,0,0,3,crash,40,2,166808.96,11.984,12.07,13.692,14.934,124.69,20799306,636066,True,2,4,166989.69,11.972,,,13.476,18842468,112.83,2,124.71,0,False,OK
LT2_B3_f3_freeze_r1,4,8,-1,1000,120,10,2,true,false,1600,rr,4,4,4,1000,1000,1000000,0.9,0.1,0,0,0,0,3,freeze,40,2,429686.38,18.63,17.931,22.247,26.747,124.81,53627200,2566781,True,8,4,429417.4,18.625,,,24.838,48540613,112.88,8,125.09,0,False,OK
LT5_B3_f3_crash_r1,4,8,-1,1000,120,10,2,true,false,1600,rr,4,4,4,1000,1000,1000000,0.9,0.1,0,0,0,0,3,crash,40,5,416031.19,19.242,17.716,22.496,28.93,125.2,52085391,2597308,True,8,4,414524.37,19.294,,,27.132,47013614,113.25,8,125.48,1,False,OK
LT1_B3_lead_freeze_r1,4,8,-1,1000,120,10,2,true,false,1600,rr,4,4,4,1000,1000,1000000,0.9,0.1,0,0,0,0,0,freeze,40,1,383170.08,20.892,17.899,22.184,25.633,124.81,47823783,2610115,True,8,4,379216.28,21.091,,,25.182,42863924,112.87,8,125.09,1,False,OK
LT2_B2_lead_freeze_r1,4,4,-1,1000,120,10,2,true,false,800,rr,4,4,4,1000,1000,1000000,0.9,0.1,0,0,0,0,0,freeze,40,2,304064.73,13.157,13.738,15.53,17.508,124.83,37956317,1289795,True,4,4,305120.92,13.105,,,16.14,34491518,112.98,4,124.98,2,False,OK
LT5_B1_lead_freeze_r1,4,2,-1,1000,120,10,2,true,false,200,rr,4,4,4,1000,1000,1000000,0.9,0.1,0,0,0,0,0,freeze,40,5,144744.94,12.938,12.039,13.144,14.882,125.01,18093847,668364,True,2,4,143103.9,13.02,,,15.25,16188915,113.11,2,125.02,5,True,OK
LT5_B2_lead_freeze_r1,4,4,-1,1000,120,10,2,true,false,800,rr,4,4,4,1000,1000,1000000,0.9,0.1,0,0,0,0,0,freeze,40,5,302423.04,13.229,12.267,15.763,19.726,124.96,37792000,1288208,True,4,4,300790.67,13.293,,,16.562,34044115,113.11,4,125.11,5,True,OK
LT5_B1_f3_crash_r1,4,2,-1,1000,120,10,2,true,false,200,rr,4,4,4,1000,1000,1000000,0.9,0.1,0,0,0,0,3,crash,40,5,169349.19,11.804,11.772,12.878,13.974,125.08,21182400,626732,True,2,4,169312.15,11.808,,,13.356,19171178,113.21,2,125.1,0,False,OK
LT5_B4_lead_crash_r1,4,8,-1,4000,120,10,2,true,false,3200,rr,4,4,4,1000,1000,1000000,0.9,0.1,0,0,0,0,0,crash,40,5,360413.18,83.578,66.216,75.214,87.797,125.22,45131507,2629676,True,8,4,350218.83,85.63,,,91.087,39689639,113.15,8,125.39,5,True,OK
LT1_B4_lead_crash_r1,4,8,-1,4000,120,10,2,true,false,3200,rr,4,4,4,1000,1000,1000000,0.9,0.1,0,0,0,0,0,crash,40,1,385619.81,80.599,70.633,78.917,92.545,47.25,18221921,2843525,True,8,4,120775.14,84.207,,,89.463,13660444,112.95,8,47.43,75,True,OK
LT2_B1_ctl_r1,4,2,-1,1000,120,10,2,true,false,200,rr,4,4,4,1000,1000,1000000,0.9,0.1,0,0,0,0,-1,,40,2,168852.25,11.839,11.797,12.966,13.983,125.12,21126600,643742,True,2,4,168979.47,11.831,,,14.887,19139606,113.24,2,125.14,0,False,OK
LT1_B1_lead_crash_r1,4,2,-1,1000,120,10,2,true,false,200,rr,4,4,4,1000,1000,1000000,0.9,0.1,0,0,0,0,0,crash,40,1,146606.94,13.635,11.683,13.216,14.793,125.0,18326400,680216,True,2,4,144525.69,13.833,,,16.291,16350285,113.11,2,125.02,1,False,OK
LT5_B2_f3_freeze_r1,4,4,-1,1000,120,10,2,true,false,800,rr,4,4,4,1000,1000,1000000,0.9,0.1,0,0,0,0,3,freeze,40,5,334885.67,11.946,12.866,15.205,18.46,124.66,41747994,1247482,True,4,4,336503.71,11.882,,,15.948,37991329,112.82,4,124.81,0,False,OK
LT2_B2_f3_crash_r1,4,4,-1,1000,120,10,2,true,false,800,rr,4,4,4,1000,1000,1000000,0.9,0.1,0,0,0,0,3,crash,40,2,339906.15,11.77,12.922,15.639,19.062,124.91,42456784,1249400,True,4,4,342504.96,11.674,,,14.723,38752098,113.07,4,125.05,0,False,OK
LT5_B1_lead_crash_r1,4,2,-1,1000,120,10,2,true,false,200,rr,4,4,4,1000,1000,1000000,0.9,0.1,0,0,0,0,0,crash,40,5,135616.3,13.917,11.96,13.769,14.953,124.85,16931200,675616,True,2,4,132873.75,14.143,,,14.043,15009905,112.93,2,124.86,8,True,OK
LT1_B1_lead_freeze_r1,4,2,-1,1000,120,10,2,true,false,200,rr,4,4,4,1000,1000,1000000,0.9,0.1,0,0,0,0,0,freeze,40,1,146098.16,13.683,12.007,14.106,17.822,124.94,18252970,677146,True,2,4,144494.17,13.837,,,14.959,16337609,113.05,2,124.95,1,False,OK
LT5_B4_ctl_r1,4,8,-1,4000,120,10,2,true,false,3200,rr,4,4,4,1000,1000,1000000,0.9,0.1,0,0,0,0,-1,,40,5,436111.52,73.348,69.071,76.269,89.286,125.2,54603336,2587361,True,8,4,434099.97,73.709,,,92.637,49194002,113.16,8,125.38,0,False,OK
LT5_B1_ctl_r1,4,2,-1,1000,120,10,2,true,false,200,rr,4,4,4,1000,1000,1000000,0.9,0.1,0,0,0,0,-1,,40,5,166604.05,11.999,11.938,13.657,15.109,125.09,20839800,633597,True,2,4,166542.27,12.004,,,14.695,18858693,113.21,2,125.1,0,False,OK
LT1_B3_f3_freeze_r1,4,8,-1,1000,120,10,2,true,false,1600,rr,4,4,4,1000,1000,1000000,0.9,0.1,0,0,0,0,3,freeze,40,1,419583.07,19.079,17.831,22.504,29.136,125.14,52505600,2595000,True,8,4,418083.16,19.13,,,23.932,47394439,113.2,8,125.42,0,False,OK
LT1_B2_lead_crash_r1,4,4,-1,1000,120,10,2,true,false,800,rr,4,4,4,1000,1000,1000000,0.9,0.1,0,0,0,0,0,crash,40,1,295714.33,13.529,13.219,16.632,18.824,124.76,36894400,1317893,True,4,4,294693.66,13.569,,,17.628,33292731,112.91,4,124.91,1,False,OK
LT1_B4_ctl_r1,4,8,-1,4000,120,10,2,true,false,3200,rr,4,4,4,1000,1000,1000000,0.9,0.1,0,0,0,0,-1,,40,1,438249.6,72.992,65.417,77.548,90.173,124.96,54761600,2572993,True,8,4,434757.15,73.598,,,92.933,49162897,112.92,8,125.13,0,False,OK
LT5_B4_lead_freeze_r1,4,8,-1,4000,120,10,2,true,false,3200,rr,4,4,4,1000,1000,1000000,0.9,0.1,0,0,0,0,0,freeze,40,5,362863.66,88.155,72.203,78.881,85.669,125.12,45401587,2620176,True,8,4,354755.48,90.191,,,88.221,40169962,113.08,8,125.3,5,True,OK
LT2_B4_ctl_r1,4,8,-1,4000,120,10,2,true,false,3200,rr,4,4,4,1000,1000,1000000,0.9,0.1,0,0,0,0,-1,,40,2,438056.2,73.025,70.456,82.288,95.921,125.25,54867200,2572225,True,8,4,436738.1,73.265,,,93.182,49514741,113.2,8,125.43,0,False,OK
LT5_B4_f3_crash_r1,4,8,-1,4000,120,10,2,true,false,3200,rr,4,4,4,1000,1000,1000000,0.9,0.1,0,0,0,0,3,crash,40,5,388859.05,77.508,66.913,76.3,88.32,125.2,48683228,2612145,True,8,4,381648.79,78.626,,,88.43,43243721,113.15,8,125.37,5,True,OK
LT1_B1_f3_freeze_r1,4,2,-1,1000,120,10,2,true,false,200,rr,4,4,4,1000,1000,1000000,0.9,0.1,0,0,0,0,3,freeze,40,1,166898.76,11.977,11.806,13.724,15.02,125.01,20864320,643528,True,2,4,166879.2,11.98,,,13.977,18882072,113.13,2,125.03,0,False,OK
LT2_B4_lead_crash_r1,4,8,-1,4000,120,10,2,true,false,3200,rr,4,4,4,1000,1000,1000000,0.9,0.1,0,0,0,0,0,crash,40,2,378994.73,84.399,68.981,76.174,90.927,125.18,47440930,2626298,True,8,4,372420.13,85.914,,,93.178,42188590,113.13,8,125.35,2,False,OK
LT1_B4_f3_freeze_r1,4,8,-1,4000,120,10,2,true,false,3200,rr,4,4,4,1000,1000,1000000,0.9,0.1,0,0,0,0,3,freeze,40,1,427922.94,74.754,70.556,82.101,94.37,125.13,53545600,2567255,True,8,4,426780.82,74.973,,,88.29,48337405,113.09,8,125.3,0,False,OK
LT5_B3_ctl_r1,4,8,-1,1000,120,10,2,true,false,1600,rr,4,4,4,1000,1000,1000000,0.9,0.1,0,0,0,0,-1,,40,5,430878.61,18.579,17.645,21.898,26.402,124.97,53846777,2568446,True,8,4,430206.09,18.591,,,25.132,48699164,113.04,8,125.25,0,False,OK
LT5_B3_f3_freeze_r1,4,8,-1,1000,120,10,2,true,false,1600,rr,4,4,4,1000,1000,1000000,0.9,0.1,0,0,0,0,3,freeze,40,5,433559.96,18.463,18.232,22.786,26.329,125.04,54212800,2581805,True,8,4,434280.6,18.416,,,24.16,49191414,113.11,8,125.32,0,False,OK
LT2_B1_lead_crash_r1,4,2,-1,1000,120,10,2,true,false,200,rr,4,4,4,1000,1000,1000000,0.9,0.1,0,0,0,0,0,crash,40,2,148003.97,13.507,11.953,13.223,14.492,124.76,18465400,675550,True,2,4,146433.35,13.653,,,14.482,16530237,112.86,2,124.78,2,False,OK
LT2_B1_f3_freeze_r1,4,2,-1,1000,120,10,2,true,false,200,rr,4,4,4,1000,1000,1000000,0.9,0.1,0,0,0,0,3,freeze,40,2,83665.37,23.366,13.532,13.939,15.04,124.81,10442582,716130,True,2,4,76737.99,25.463,,,14.277,8662127,112.86,2,124.83,36,True,OK
LT1_B1_ctl_r2,4,2,-1,1000,120,10,2,true,false,200,rr,4,4,4,1000,1000,1000000,0.9,0.1,0,0,0,0,-1,,40,1,165748.6,12.06,12.153,13.962,15.395,124.99,20717062,647565,True,2,4,165975.22,12.045,,,15.426,18777224,113.1,2,125.01,0,False,OK
LT2_B3_ctl_r2,4,8,-1,1000,120,10,2,true,false,1600,rr,4,4,4,1000,1000,1000000,0.9,0.1,0,0,0,0,-1,,40,2,409232.74,19.562,17.927,25.417,30.652,125.07,51184000,2571123,True,8,4,408828.95,19.563,,,30.353,46323383,113.13,8,125.36,0,False,OK
LT5_B4_ctl_r2,4,8,-1,4000,120,10,2,true,false,3200,rr,4,4,4,1000,1000,1000000,0.9,0.1,0,0,0,0,-1,,40,5,439908.59,72.715,65.991,75.711,86.595,125.28,55110538,2557159,True,8,4,437331.62,73.164,,,91.458,49602285,113.23,8,125.45,0,False,OK
LT5_B2_f3_freeze_r2,4,4,-1,1000,120,10,2,true,false,800,rr,4,4,4,1000,1000,1000000,0.9,0.1,0,0,0,0,3,freeze,40,5,338602.51,11.815,13.818,16.491,19.54,124.94,42303486,1252693,True,4,4,342299.94,11.681,,,16.107,38735295,113.1,4,125.08,0,False,OK
LT5_B4_f3_crash_r2,4,8,-1,4000,120,10,2,true,false,3200,rr,4,4,4,1000,1000,1000000,0.9,0.1,0,0,0,0,3,crash,40,5,419554.18,76.241,67.154,77.151,88.216,124.99,52441117,2588295,True,8,4,415633.65,76.98,,,90.787,47012861,112.94,8,125.17,0,False,OK
LT1_B2_ctl_r2,4,4,-1,1000,120,10,2,true,false,800,rr,4,4,4,1000,1000,1000000,0.9,0.1,0,0,0,0,-1,,40,1,303750.88,13.171,13.659,16.217,18.625,124.99,37964800,1260072,True,4,4,304172.94,13.146,,,17.313,34434559,113.14,4,125.13,0,False,OK
LT1_B3_lead_crash_r2,4,8,-1,1000,120,10,2,true,false,1600,rr,4,4,4,1000,1000,1000000,0.9,0.1,0,0,0,0,0,crash,40,1,377929.01,21.182,17.295,21.005,24.459,125.04,47255996,2608098,True,8,4,372393.79,21.477,,,23.95,42179194,113.11,8,125.32,1,False,OK
LT2_B3_f3_crash_r2,4,8,-1,1000,120,10,2,true,false,1600,rr,4,4,4,1000,1000,1000000,0.9,0.1,0,0,0,0,3,crash,40,2,436239.72,18.35,17.31,21.304,25.004,125.04,54545600,2561863,True,8,4,435300.18,18.373,,,22.538,49308757,113.1,8,125.32,0,False,OK
LT5_B3_lead_freeze_r2,4,8,-1,1000,120,10,2,true,false,1600,rr,4,4,4,1000,1000,1000000,0.9,0.1,0,0,0,0,0,freeze,40,5,293879.92,26.687,17.894,22.175,25.158,58.3,17132800,2861761,True,8,4,113935.05,29.347,,,28.283,12858501,112.7,8,58.57,64,True,OK
LT1_B2_lead_freeze_r2,4,4,-1,1000,120,10,2,true,false,800,rr,4,4,4,1000,1000,1000000,0.9,0.1,0,0,0,0,0,freeze,40,1,326864.84,12.253,12.081,14.703,18.417,40.01,13079200,1465848,True,4,4,87172.25,12.236,,,14.44,9833192,112.74,4,40.16,81,True,OK
LT2_B4_f3_freeze_r2,4,8,-1,4000,120,10,2,true,false,3200,rr,4,4,4,1000,1000,1000000,0.9,0.1,0,0,0,0,3,freeze,40,2,434908.79,73.551,67.937,77.675,91.457,125.13,54419200,2576524,True,8,4,432383.85,74.002,,,84.031,48968770,113.1,8,125.3,0,False,OK
LT2_B3_lead_freeze_r2,4,8,-1,1000,120,10,2,true,false,1600,rr,4,4,4,1000,1000,1000000,0.9,0.1,0,0,0,0,0,freeze,40,2,375777.18,21.303,17.312,21.88,26.5,124.97,46962360,2618109,True,8,4,369640.95,21.637,,,24.862,41840337,113.02,8,125.26,2,False,OK
LT2_B4_ctl_r2,4,8,-1,4000,120,10,2,true,false,3200,rr,4,4,4,1000,1000,1000000,0.9,0.1,0,0,0,0,-1,,40,2,438345.6,72.977,70.174,83.771,97.039,125.22,54889600,2560638,True,8,4,437464.15,73.142,,,114.92,49586650,113.19,8,125.39,0,False,OK
LT5_B3_ctl_r2,4,8,-1,1000,120,10,2,true,false,1600,rr,4,4,4,1000,1000,1000000,0.9,0.1,0,0,0,0,-1,,40,5,433845.86,18.452,17.625,21.198,26.195,124.96,54214912,2587406,True,8,4,432584.45,18.489,,,27.173,48964352,113.03,8,125.25,0,False,OK
LT1_B1_lead_crash_r2,4,2,-1,1000,120,10,2,true,false,200,rr,4,4,4,1000,1000,1000000,0.9,0.1,0,0,0,0,0,crash,40,1,148370.13,12.599,11.74,13.432,14.298,125.22,18578912,665767,True,2,4,146566.71,12.687,,,13.63,16613393,113.33,2,125.24,1,False,OK
LT1_B1_f3_crash_r2,4,2,-1,1000,120,10,2,true,false,200,rr,4,4,4,1000,1000,1000000,0.9,0.1,0,0,0,0,3,crash,40,1,168313.85,11.877,12.411,13.951,15.506,124.99,21037561,636713,True,2,4,168902.95,11.836,,,14.072,19109663,113.12,2,125.01,0,False,OK
LT2_B2_f3_crash_r2,4,4,-1,1000,120,10,2,true,false,800,rr,4,4,4,1000,1000,1000000,0.9,0.1,0,0,0,0,3,crash,40,2,327287.0,12.224,14.322,16.628,18.906,124.94,40890460,1264954,True,4,4,330332.39,12.104,,,17.06,37379077,113.09,4,125.08,0,False,OK
LT1_B3_f3_crash_r2,4,8,-1,1000,120,10,2,true,false,1600,rr,4,4,4,1000,1000,1000000,0.9,0.1,0,0,0,0,3,crash,40,1,421676.98,18.984,18.629,24.526,27.784,124.95,52688697,2585943,True,8,4,422926.93,18.911,,,26.652,47865970,113.03,8,125.23,0,False,OK
LT2_B4_lead_freeze_r2,4,8,-1,4000,120,10,2,true,false,3200,rr,4,4,4,1000,1000,1000000,0.9,0.1,0,0,0,0,0,freeze,40,2,376187.5,79.673,72.312,82.337,94.269,125.03,47033600,2619614,True,8,4,370644.79,80.462,,,88.732,41932961,112.98,8,125.2,2,False,OK
LT2_B1_f3_freeze_r2,4,2,-1,1000,120,10,2,true,false,200,rr,4,4,4,1000,1000,1000000,0.9,0.1,0,0,0,0,3,freeze,40,2,167784.27,11.914,11.869,12.94,13.793,124.9,20956166,629469,True,2,4,167708.36,11.921,,,13.059,18958362,113.02,2,124.92,0,False,OK
LT2_B1_lead_crash_r2,4,2,-1,1000,120,10,2,true,false,200,rr,4,4,4,1000,1000,1000000,0.9,0.1,0,0,0,0,0,crash,40,2,148440.96,13.467,11.939,13.155,14.655,124.99,18553000,674263,True,2,4,146985.54,13.602,,,14.52,16627132,113.09,2,125.0,2,False,OK
LT5_B2_lead_freeze_r2,4,4,-1,1000,120,10,2,true,false,800,rr,4,4,4,1000,1000,1000000,0.9,0.1,0,0,0,0,0,freeze,40,5,296103.14,13.511,14.199,17.099,21.217,124.74,36935487,1289058,True,4,4,296976.37,13.464,,,16.825,33544431,112.89,4,124.88,5,True,OK
LT5_B1_f3_crash_r2,4,2,-1,1000,120,10,2,true,false,200,rr,4,4,4,1000,1000,1000000,0.9,0.1,0,0,0,0,3,crash,40,5,167100.87,11.962,12.01,13.556,15.038,124.92,20873800,633917,True,2,4,167212.82,11.956,,,13.962,18905801,113.04,2,124.93,0,False,OK
LT1_B4_ctl_r2,4,8,-1,4000,120,10,2,true,false,3200,rr,4,4,4,1000,1000,1000000,0.9,0.1,0,0,0,0,-1,,40,1,424614.45,75.332,70.333,80.844,91.748,125.17,53148229,2572741,True,8,4,422798.14,75.681,,,90.11,47896243,113.13,8,125.34,0,False,OK
LT5_B3_f3_crash_r2,4,8,-1,1000,120,10,2,true,false,1600,rr,4,4,4,1000,1000,1000000,0.9,0.1,0,0,0,0,3,crash,40,5,436227.67,18.351,17.318,22.292,25.972,125.0,54529600,2574882,True,8,4,435403.37,18.369,,,25.426,49302201,113.07,8,125.28,0,False,OK
LT5_B4_lead_crash_r2,4,8,-1,4000,120,10,2,true,false,3200,rr,4,4,4,1000,1000,1000000,0.9,0.1,0,0,0,0,0,crash,40,5,308734.36,94.036,68.346,80.793,92.115,58.23,17977600,2866141,True,8,4,118585.86,102.396,,,104.543,13400721,112.84,8,58.4,64,True,OK
LT5_B4_f3_freeze_r2,4,8,-1,4000,120,10,2,true,false,3200,rr,4,4,4,1000,1000,1000000,0.9,0.1,0,0,0,0,3,freeze,40,5,424281.26,75.396,68.076,79.39,93.131,125.14,53094085,2595201,True,8,4,421614.85,75.893,,,86.394,47752114,113.1,8,125.32,0,False,OK
LT1_B4_lead_crash_r2,4,8,-1,4000,120,10,2,true,false,3200,rr,4,4,4,1000,1000,1000000,0.9,0.1,0,0,0,0,0,crash,40,1,393245.9,76.085,69.124,74.721,87.09,125.2,49235969,2631645,True,8,4,387881.33,76.736,,,86.809,43953924,113.15,8,125.38,1,False,OK
LT2_B1_f3_crash_r2,4,2,-1,1000,120,10,2,true,false,200,rr,4,4,4,1000,1000,1000000,0.9,0.1,0,0,0,0,3,crash,40,2,170101.34,11.751,11.995,13.65,15.182,124.97,21257158,638118,True,2,4,170435.61,11.73,,,13.149,19279669,113.09,2,124.98,0,False,OK
LT2_B1_lead_freeze_r2,4,2,-1,1000,120,10,2,true,false,200,rr,4,4,4,1000,1000,1000000,0.9,0.1,0,0,0,0,0,freeze,40,2,148209.91,13.488,12.245,13.841,15.25,125.11,18542400,671496,True,2,4,147004.65,13.6,,,14.333,16646339,113.22,2,125.13,2,False,OK
LT2_B4_f3_crash_r2,4,8,-1,4000,120,10,2,true,false,3200,rr,4,4,4,1000,1000,1000000,0.9,0.1,0,0,0,0,3,crash,40,2,433983.77,73.708,65.469,80.902,93.577,125.03,54262400,2578466,True,8,4,431749.34,74.113,,,85.009,48853037,112.99,8,125.21,0,False,OK
LT1_B4_f3_freeze_r2,4,8,-1,4000,120,10,2,true,false,3200,rr,4,4,4,1000,1000,1000000,0.9,0.1,0,0,0,0,3,freeze,40,1,427459.88,74.83,70.123,80.28,97.31,125.06,53456000,2579109,True,8,4,425683.03,75.164,,,97.67,48174819,113.01,8,125.23,0,False,OK
LT2_B4_lead_crash_r2,4,8,-1,4000,120,10,2,true,false,3200,rr,4,4,4,1000,1000,1000000,0.9,0.1,0,0,0,0,0,crash,40,2,368810.09,81.265,68.497,79.069,88.189,125.11,46140800,2629547,True,8,4,360514.85,82.723,,,101.405,40815496,113.06,8,125.28,2,False,OK
LT5_B2_lead_crash_r2,4,4,-1,1000,120,10,2,true,false,800,rr,4,4,4,1000,1000,1000000,0.9,0.1,0,0,0,0,0,crash,40,5,288422.51,13.872,13.686,15.668,20.78,124.82,35999872,1327279,True,4,4,287264.47,13.92,,,15.488,32469842,112.96,4,124.96,5,True,OK
LT5_B1_lead_freeze_r2,4,2,-1,1000,120,10,2,true,false,200,rr,4,4,4,1000,1000,1000000,0.9,0.1,0,0,0,0,0,freeze,40,5,144603.44,13.824,12.347,13.728,15.31,124.92,18063338,670428,True,2,4,143055.65,13.976,,,14.233,16170830,113.02,2,124.93,5,True,OK
LT1_B2_f3_freeze_r2,4,4,-1,1000,120,10,2,true,false,800,rr,4,4,4,1000,1000,1000000,0.9,0.1,0,0,0,0,3,freeze,40,1,340244.17,11.758,12.885,16.436,19.482,124.8,42461703,1244538,True,4,4,343567.67,11.638,,,15.992,38834237,112.96,4,124.95,0,False,OK
LT1_B3_ctl_r2,4,8,-1,1000,120,10,2,true,false,1600,rr,4,4,4,1000,1000,1000000,0.9,0.1,0,0,0,0,-1,,40,1,418682.68,19.12,18.043,22.546,25.055,125.03,52346969,2592437,True,8,4,417594.11,19.153,,,25.848,47293110,113.09,8,125.31,0,False,OK
LT5_B3_lead_crash_r2,4,8,-1,1000,120,10,2,true,false,1600,rr,4,4,4,1000,1000,1000000,0.9,0.1,0,0,0,0,0,crash,40,5,300895.33,24.03,18.756,22.872,28.032,55.08,16574400,2849749,True,8,4,110094.11,25.542,,,28.901,12466088,113.07,8,55.36,67,True,OK
LT2_B1_ctl_r2,4,2,-1,1000,120,10,2,true,false,200,rr,4,4,4,1000,1000,1000000,0.9,0.1,0,0,0,0,-1,,40,2,168745.91,11.846,11.808,12.682,13.644,125.35,21152943,641683,True,2,4,168740.04,11.848,,,14.723,19151957,113.48,2,125.37,0,False,OK
LT1_B2_f3_crash_r2,4,4,-1,1000,120,10,2,true,false,800,rr,4,4,4,1000,1000,1000000,0.9,0.1,0,0,0,0,3,crash,40,1,343726.73,11.639,12.765,15.642,19.203,124.63,42838571,1251086,True,4,4,346741.88,11.532,,,15.855,39133055,112.78,4,124.78,0,False,OK
LT5_B1_ctl_r2,4,2,-1,1000,120,10,2,true,false,200,rr,4,4,4,1000,1000,1000000,0.9,0.1,0,0,0,0,-1,,40,5,167868.22,11.908,12.257,14.246,15.749,125.02,20987647,647177,True,2,4,168487.04,11.866,,,14.275,19066897,113.14,2,125.04,0,False,OK
LT1_B3_lead_freeze_r2,4,8,-1,1000,120,10,2,true,false,1600,rr,4,4,4,1000,1000,1000000,0.9,0.1,0,0,0,0,0,freeze,40,1,387793.79,20.643,18.41,23.112,26.932,124.9,48437166,2615839,True,8,4,384807.62,20.784,,,25.314,43530352,112.96,8,125.19,1,False,OK
LT1_B1_f3_freeze_r2,4,2,-1,1000,120,10,2,true,false,200,rr,4,4,4,1000,1000,1000000,0.9,0.1,0,0,0,0,3,freeze,40,1,169401.73,11.8,12.768,15.903,17.395,124.81,21143490,635111,True,2,4,170416.31,11.731,,,14.801,19250461,112.94,2,124.83,0,False,OK
LT5_B4_lead_freeze_r2,4,8,-1,4000,120,10,2,true,false,3200,rr,4,4,4,1000,1000,1000000,0.9,0.1,0,0,0,0,0,freeze,40,5,360262.44,83.62,70.063,81.831,97.345,125.22,45113085,2643001,True,8,4,352433.86,85.096,,,87.29,39940804,113.17,8,125.4,5,True,OK
LT2_B3_f3_freeze_r2,4,8,-1,1000,120,10,2,true,false,1600,rr,4,4,4,1000,1000,1000000,0.9,0.1,0,0,0,0,3,freeze,40,2,414562.59,19.31,19.693,25.947,29.338,125.35,51963419,2590492,True,8,4,416197.24,19.217,,,27.436,47269423,113.41,8,125.63,0,False,OK
LT2_B2_lead_freeze_r2,4,4,-1,1000,120,10,2,true,false,800,rr,4,4,4,1000,1000,1000000,0.9,0.1,0,0,0,0,0,freeze,40,2,298784.22,13.39,13.193,15.678,17.961,124.87,37308782,1284730,True,4,4,298314.32,13.404,,,15.52,33734079,113.02,4,125.01,2,False,OK
LT1_B3_f3_freeze_r2,4,8,-1,1000,120,10,2,true,false,1600,rr,4,4,4,1000,1000,1000000,0.9,0.1,0,0,0,0,3,freeze,40,1,434112.65,18.44,18.305,23.246,26.433,125.03,54276692,2558608,True,8,4,435176.42,18.378,,,24.387,49289792,113.11,8,125.31,0,False,OK
LT1_B2_lead_crash_r2,4,4,-1,1000,120,10,2,true,false,800,rr,4,4,4,1000,1000,1000000,0.9,0.1,0,0,0,0,0,crash,40,1,300808.8,13.3,13.959,17.121,20.263,124.73,37519219,1260828,True,4,4,301778.81,13.25,,,16.266,34085327,112.88,4,124.87,1,False,OK
LT2_B2_f3_freeze_r2,4,4,-1,1000,120,10,2,true,false,800,rr,4,4,4,1000,1000,1000000,0.9,0.1,0,0,0,0,3,freeze,40,2,335479.87,11.925,13.216,16.477,19.047,124.69,41832053,1260183,True,4,4,339323.2,11.784,,,16.898,38316581,112.86,4,124.84,0,False,OK
LT5_B1_f3_freeze_r2,4,2,-1,1000,120,10,2,true,false,200,rr,4,4,4,1000,1000,1000000,0.9,0.1,0,0,0,0,3,freeze,40,5,167773.97,11.915,11.978,13.44,14.61,125.06,20981200,641250,True,2,4,168083.41,11.894,,,13.799,19027275,113.18,2,125.07,0,False,OK
LT5_B2_f3_crash_r2,4,4,-1,1000,120,10,2,true,false,800,rr,4,4,4,1000,1000,1000000,0.9,0.1,0,0,0,0,3,crash,40,5,328987.31,12.161,12.491,14.827,17.807,124.75,41041069,1275047,True,4,4,328863.56,12.159,,,16.227,37153126,112.9,4,124.9,2,False,OK
LT5_B2_ctl_r2,4,4,-1,1000,120,10,2,true,false,800,rr,4,4,4,1000,1000,1000000,0.9,0.1,0,0,0,0,-1,,40,5,300837.97,13.299,12.865,14.312,16.486,124.71,37518400,1286710,True,4,4,300578.24,13.303,,,17.364,33947568,112.85,4,124.86,0,False,OK
LT1_B4_f3_crash_r2,4,8,-1,4000,120,10,2,true,false,3200,rr,4,4,4,1000,1000,1000000,0.9,0.1,0,0,0,0,3,crash,40,1,411325.67,77.774,68.778,78.583,89.467,125.09,51452800,2602647,True,8,4,407739.23,78.475,,,91.94,46161257,113.05,8,125.27,1,False,OK
LT5_B3_f3_freeze_r2,4,8,-1,1000,120,10,2,true,false,1600,rr,4,4,4,1000,1000,1000000,0.9,0.1,0,0,0,0,3,freeze,40,5,423564.32,18.899,17.922,23.466,27.324,125.0,52947343,2563055,True,8,4,423781.75,18.872,,,26.261,47991215,113.09,8,125.29,0,False,OK
LT2_B2_ctl_r2,4,4,-1,1000,120,10,2,true,false,800,rr,4,4,4,1000,1000,1000000,0.9,0.1,0,0,0,0,-1,,40,2,296793.45,13.48,12.863,14.36,17.594,124.88,37062400,1288151,True,4,4,296696.09,13.477,,,18.457,33553621,113.01,4,125.03,0,False,OK
LT2_B3_lead_crash_r2,4,8,-1,1000,120,10,2,true,false,1600,rr,4,4,4,1000,1000,1000000,0.9,0.1,0,0,0,0,0,crash,40,2,361102.0,21.93,17.292,20.993,25.76,49.1,17729600,2852182,True,8,4,117971.06,23.175,,,25.933,13330778,112.84,8,49.38,73,True,OK
LT1_B4_lead_freeze_r2,4,8,-1,4000,120,10,2,true,false,3200,rr,4,4,4,1000,1000,1000000,0.9,0.1,0,0,0,0,0,freeze,40,1,394384.4,81.108,67.569,77.03,97.713,125.25,49394972,2600285,True,8,4,388212.74,82.422,,,99.908,44006555,113.2,8,125.42,1,False,OK
LT1_B1_lead_freeze_r2,4,2,-1,1000,120,10,2,true,false,200,rr,4,4,4,1000,1000,1000000,0.9,0.1,0,0,0,0,0,freeze,40,1,148889.47,13.426,12.008,13.174,14.083,125.03,18616156,672632,True,2,4,147532.82,13.551,,,15.924,16695268,113.13,2,125.05,1,False,OK
LT5_B1_lead_crash_r2,4,2,-1,1000,120,10,2,true,false,200,rr,4,4,4,1000,1000,1000000,0.9,0.1,0,0,0,0,0,crash,40,5,138946.78,14.387,12.249,13.65,14.923,124.88,17351643,668665,True,2,4,136646.17,14.631,,,14.283,15441433,112.98,2,124.9,5,True,OK
LT2_B2_lead_crash_r2,4,4,-1,1000,120,10,2,true,false,800,rr,4,4,4,1000,1000,1000000,0.9,0.1,0,0,0,0,0,crash,40,2,298312.63,13.411,13.431,15.917,18.428,124.75,37213600,1278743,True,4,4,297640.56,13.434,,,15.659,33623207,112.91,4,124.89,2,False,OK
LT2_B3_f3_freeze_r3,4,8,-1,1000,120,10,2,true,false,1600,rr,4,4,4,1000,1000,1000000,0.9,0.1,0,0,0,0,3,freeze,40,2,431920.13,18.533,18.16,21.539,24.98,124.81,53908285,2567193,True,8,4,431864.57,18.52,,,23.589,48819534,112.88,8,125.09,0,False,OK
LT2_B4_f3_crash_r3,4,8,-1,4000,120,10,2,true,false,3200,rr,4,4,4,1000,1000,1000000,0.9,0.1,0,0,0,0,3,crash,40,2,408546.09,78.299,71.744,81.042,92.231,125.28,51180658,2585773,True,8,4,406090.49,78.793,,,90.365,46048251,113.23,8,125.45,0,False,OK
LT1_B1_f3_freeze_r3,4,2,-1,1000,120,10,2,true,false,200,rr,4,4,4,1000,1000,1000000,0.9,0.1,0,0,0,0,3,freeze,40,1,167136.89,11.96,12.222,14.15,15.515,124.95,20883058,644226,True,2,4,167616.83,11.927,,,14.692,18955394,113.07,2,124.96,0,False,OK
LT2_B2_lead_freeze_r3,4,4,-1,1000,120,10,2,true,false,800,rr,4,4,4,1000,1000,1000000,0.9,0.1,0,0,0,0,0,freeze,40,2,303989.43,13.161,12.845,15.397,17.339,124.82,37945390,1273446,True,4,4,303454.47,13.177,,,16.694,34302125,112.97,4,124.97,2,False,OK
LT2_B4_lead_freeze_r3,4,8,-1,4000,120,10,2,true,false,3200,rr,4,4,4,1000,1000,1000000,0.9,0.1,0,0,0,0,0,freeze,40,2,390669.28,81.879,74.181,88.49,101.883,125.35,48969590,2600918,True,8,4,387584.6,82.556,,,89.301,43974470,113.3,8,125.52,2,False,OK
LT1_B3_f3_crash_r3,4,8,-1,1000,120,10,2,true,false,1600,rr,4,4,4,1000,1000,1000000,0.9,0.1,0,0,0,0,3,crash,40,1,399979.36,20.014,18.955,23.533,26.542,125.07,50024000,2589993,True,8,4,398379.79,20.076,,,24.528,45133252,113.14,8,125.35,1,False,OK
LT1_B4_f3_freeze_r3,4,8,-1,4000,120,10,2,true,false,3200,rr,4,4,4,1000,1000,1000000,0.9,0.1,0,0,0,0,3,freeze,40,1,438291.36,72.983,65.394,78.255,89.546,125.38,54952388,2571142,True,8,4,434776.22,73.592,,,88.139,49345962,113.34,8,125.55,0,False,OK
LT1_B1_ctl_r3,4,2,-1,1000,120,10,2,true,false,200,rr,4,4,4,1000,1000,1000000,0.9,0.1,0,0,0,0,-1,,40,1,165299.71,12.093,12.052,13.98,15.956,125.16,20689685,634136,True,2,4,165078.42,12.111,,,14.633,18704247,113.28,2,125.18,0,False,OK
LT5_B2_lead_crash_r3,4,4,-1,1000,120,10,2,true,false,800,rr,4,4,4,1000,1000,1000000,0.9,0.1,0,0,0,0,0,crash,40,5,299445.31,13.361,12.601,14.791,16.73,124.7,37341600,1289263,True,4,4,297611.08,13.436,,,16.212,33605860,112.85,4,124.85,5,True,OK
LT5_B1_f3_crash_r3,4,2,-1,1000,120,10,2,true,false,200,rr,4,4,4,1000,1000,1000000,0.9,0.1,0,0,0,0,3,crash,40,5,169948.88,11.762,11.876,13.929,17.772,124.93,21232319,625395,True,2,4,170033.96,11.758,,,13.834,19229516,113.07,2,124.95,0,False,OK
LT5_B4_lead_freeze_r3,4,8,-1,4000,120,10,2,true,false,3200,rr,4,4,4,1000,1000,1000000,0.9,0.1,0,0,0,0,0,freeze,40,5,363767.53,87.933,67.592,80.836,91.363,125.04,45484667,2632425,True,8,4,354504.27,90.256,,,91.958,40108370,112.97,8,125.21,5,True,OK
LT1_B2_f3_freeze_r3,4,4,-1,1000,120,10,2,true,false,800,rr,4,4,4,1000,1000,1000000,0.9,0.1,0,0,0,0,3,freeze,40,1,341503.63,11.715,12.585,14.663,16.897,124.75,42601622,1271869,True,4,4,343398.94,11.644,,,14.983,38795789,112.91,4,124.89,0,False,OK
LT1_B4_ctl_r3,4,8,-1,4000,120,10,2,true,false,3200,rr,4,4,4,1000,1000,1000000,0.9,0.1,0,0,0,0,-1,,40,1,427115.75,74.894,68.526,76.651,87.812,125.09,53429637,2571899,True,8,4,424615.56,75.356,,,92.811,48071371,113.05,8,125.26,0,False,OK
LT2_B2_f3_freeze_r3,4,4,-1,1000,120,10,2,true,false,800,rr,4,4,4,1000,1000,1000000,0.9,0.1,0,0,0,0,3,freeze,40,2,341469.42,11.716,13.169,15.244,18.676,124.81,42620080,1238082,True,4,4,345061.9,11.588,,,17.124,39008702,112.99,4,124.96,0,False,OK
LT1_B3_ctl_r3,4,8,-1,1000,120,10,2,true,false,1600,rr,4,4,4,1000,1000,1000000,0.9,0.1,0,0,0,0,-1,,40,1,361914.45,22.119,18.941,20.742,35.184,124.86,45187471,2625642,True,8,4,357266.25,22.387,,,26.677,40395986,112.91,8,125.14,0,False,OK
LT5_B1_lead_freeze_r3,4,2,-1,1000,120,10,2,true,false,200,rr,4,4,4,1000,1000,1000000,0.9,0.1,0,0,0,0,0,freeze,40,5,146889.19,12.75,11.646,12.974,14.616,124.84,18338228,662929,True,2,4,144755.97,12.871,,,13.395,16353792,112.96,2,124.86,5,True,OK
LT1_B3_f3_freeze_r3,4,8,-1,1000,120,10,2,true,false,1600,rr,4,4,4,1000,1000,1000000,0.9,0.1,0,0,0,0,3,freeze,40,1,435155.55,18.396,17.342,21.52,27.475,125.03,54405956,2567218,True,8,4,434030.41,18.427,,,24.964,49157730,113.1,8,125.31,0,False,OK
LT2_B3_lead_freeze_r3,4,8,-1,1000,120,10,2,true,false,1600,rr,4,4,4,1000,1000,1000000,0.9,0.1,0,0,0,0,0,freeze,40,2,373511.49,21.432,17.887,22.025,27.382,124.93,46664023,2623414,True,8,4,368446.82,21.708,,,24.505,41688932,112.99,8,125.22,2,False,OK
LT5_B4_f3_freeze_r3,4,8,-1,4000,120,10,2,true,false,3200,rr,4,4,4,1000,1000,1000000,0.9,0.1,0,0,0,0,3,freeze,40,5,434481.42,73.622,66.68,74.959,82.815,125.25,54419830,2573449,True,8,4,431605.97,74.135,,,82.937,48935694,113.22,8,125.43,0,False,OK
LT5_B4_lead_crash_r3,4,8,-1,4000,120,10,2,true,false,3200,rr,4,4,4,1000,1000,1000000,0.9,0.1,0,0,0,0,0,crash,40,5,333208.07,91.345,64.869,82.798,102.301,55.27,18416109,2848640,True,8,4,120761.13,99.965,,,112.947,13643392,112.82,8,55.44,67,True,OK
LT2_B1_f3_crash_r3,4,2,-1,1000,120,10,2,true,false,200,rr,4,4,4,1000,1000,1000000,0.9,0.1,0,0,0,0,3,crash,40,2,167415.01,11.94,12.61,14.917,16.77,124.97,20922000,641916,True,2,4,167849.4,11.91,,,13.914,18987587,113.1,2,124.99,0,False,OK
LT2_B1_ctl_r3,4,2,-1,1000,120,10,2,true,false,200,rr,4,4,4,1000,1000,1000000,0.9,0.1,0,0,0,0,-1,,40,2,163283.31,12.243,11.901,13.349,14.901,125.03,20415642,651402,True,2,4,163040.72,12.263,,,16.659,18451936,113.15,2,125.05,0,False,OK
LT1_B2_lead_freeze_r3,4,4,-1,1000,120,10,2,true,false,800,rr,4,4,4,1000,1000,1000000,0.9,0.1,0,0,0,0,0,freeze,40,1,224778.0,15.441,13.064,15.062,17.52,124.69,28028600,1355858,True,4,4,218710.01,15.667,,,18.054,24687297,112.8,4,124.84,1,False,OK
LT2_B3_f3_crash_r3,4,8,-1,1000,120,10,2,true,false,1600,rr,4,4,4,1000,1000,1000000,0.9,0.1,0,0,0,0,3,crash,40,2,410947.95,19.479,18.297,22.989,26.567,125.14,51427505,2590285,True,8,4,409241.72,19.543,,,24.797,46397134,113.21,8,125.42,2,False,OK
LT5_B4_f3_crash_r3,4,8,-1,4000,120,10,2,true,false,3200,rr,4,4,4,1000,1000,1000000,0.9,0.1,0,0,0,0,3,crash,40,5,422576.43,75.701,69.477,75.219,84.022,125.0,52821333,2599146,True,8,4,420125.17,76.162,,,91.556,47523399,112.97,8,125.18,0,False,OK
LT1_B4_f3_crash_r3,4,8,-1,4000,120,10,2,true,false,3200,rr,4,4,4,1000,1000,1000000,0.9,0.1,0,0,0,0,3,crash,40,1,417882.48,76.548,66.549,76.832,87.645,125.26,52345596,2581077,True,8,4,413456.18,77.39,,,88.111,46879343,113.23,8,125.44,0,False,OK
LT5_B1_ctl_r3,4,2,-1,1000,120,10,2,true,false,200,rr,4,4,4,1000,1000,1000000,0.9,0.1,0,0,0,0,-1,,40,5,166780.96,11.986,11.827,12.582,13.486,125.12,20867748,643825,True,2,4,166700.21,11.993,,,12.85,18881229,113.25,2,125.14,0,False,OK
LT1_B3_lead_crash_r3,4,8,-1,1000,120,10,2,true,false,1600,rr,4,4,4,1000,1000,1000000,0.9,0.1,0,0,0,0,0,crash,40,1,383546.77,20.872,18.147,23.515,28.012,124.95,47924142,2609369,True,8,4,379459.19,21.078,,,27.049,42941232,113.0,8,125.23,1,False,OK
LT2_B2_lead_crash_r3,4,4,-1,1000,120,10,2,true,false,800,rr,4,4,4,1000,1000,1000000,0.9,0.1,0,0,0,0,0,crash,40,2,287501.74,13.916,13.691,16.291,18.383,124.88,35903950,1319078,True,4,4,286527.63,13.956,,,16.59,32403353,113.03,4,125.03,5,True,OK
LT5_B2_f3_crash_r3,4,4,-1,1000,120,10,2,true,false,800,rr,4,4,4,1000,1000,1000000,0.9,0.1,0,0,0,0,3,crash,40,5,339379.34,11.788,13.336,16.286,18.253,124.75,42337900,1248542,True,4,4,342244.76,11.683,,,15.268,38669102,112.93,4,124.9,0,False,OK
LT1_B2_ctl_r3,4,4,-1,1000,120,10,2,true,false,800,rr,4,4,4,1000,1000,1000000,0.9,0.1,0,0,0,0,-1,,40,1,312510.75,12.802,12.772,14.889,18.031,124.69,38965600,1253797,True,4,4,312787.79,12.784,,,15.754,35317405,112.85,4,124.83,0,False,OK
LT2_B1_lead_freeze_r3,4,2,-1,1000,120,10,2,true,false,200,rr,4,4,4,1000,1000,1000000,0.9,0.1,0,0,0,0,0,freeze,40,2,147265.74,12.684,12.539,15.149,17.223,124.96,18402800,663922,True,2,4,146298.14,12.699,,,14.481,16545224,113.07,2,124.98,2,False,OK
LT2_B2_ctl_r3,4,4,-1,1000,120,10,2,true,false,800,rr,4,4,4,1000,1000,1000000,0.9,0.1,0,0,0,0,-1,,40,2,308915.29,12.951,12.736,16.69,19.028,124.82,38559200,1260152,True,4,4,309992.47,12.899,,,16.743,35040555,112.97,4,124.96,0,False,OK
LT1_B1_lead_crash_r3,4,2,-1,1000,120,10,2,true,false,200,rr,4,4,4,1000,1000,1000000,0.9,0.1,0,0,0,0,0,crash,40,1,143095.41,13.971,11.894,12.995,13.821,125.18,17912400,674348,True,2,4,140862.87,14.193,,,16.315,15960770,113.28,2,125.19,4,False,OK
LT5_B3_lead_freeze_r3,4,8,-1,1000,120,10,2,true,false,1600,rr,4,4,4,1000,1000,1000000,0.9,0.1,0,0,0,0,0,freeze,40,5,358073.77,22.357,17.99,24.061,29.69,124.98,44752000,2629161,True,8,4,352126.53,22.714,,,27.662,39859985,113.04,8,125.26,5,True,OK
LT2_B2_f3_crash_r3,4,4,-1,1000,120,10,2,true,false,800,rr,4,4,4,1000,1000,1000000,0.9,0.1,0,0,0,0,3,crash,40,2,337932.84,11.839,13.366,16.082,18.812,124.75,42157005,1250204,True,4,4,340913.65,11.729,,,15.623,38514271,112.91,4,124.9,0,False,OK
LT1_B1_f3_crash_r3,4,2,-1,1000,120,10,2,true,false,200,rr,4,4,4,1000,1000,1000000,0.9,0.1,0,0,0,0,3,crash,40,1,167811.12,11.912,12.784,15.385,16.863,125.03,20982255,638320,True,2,4,168807.34,11.843,,,14.675,19107324,113.17,2,125.05,0,False,OK
LT2_B1_f3_freeze_r3,4,2,-1,1000,120,10,2,true,false,200,rr,4,4,4,1000,1000,1000000,0.9,0.1,0,0,0,0,3,freeze,40,2,165451.67,12.082,12.396,14.103,15.544,125.11,20700417,643237,True,2,4,165898.76,12.051,,,14.177,18789459,113.24,2,125.13,0,False,OK
LT1_B3_lead_freeze_r3,4,8,-1,1000,120,10,2,true,false,1600,rr,4,4,4,1000,1000,1000000,0.9,0.1,0,0,0,0,0,freeze,40,1,386076.53,20.735,19.583,23.713,26.44,124.87,48211192,2598948,True,8,4,384921.42,20.778,,,24.553,43533979,112.94,8,125.16,1,False,OK
LT5_B2_lead_freeze_r3,4,4,-1,1000,120,10,2,true,false,800,rr,4,4,4,1000,1000,1000000,0.9,0.1,0,0,0,0,0,freeze,40,5,294543.03,13.583,14.039,16.727,19.482,124.89,36785620,1304482,True,4,4,295181.52,13.546,,,17.685,33385687,113.04,4,125.03,5,True,OK
LT2_B1_lead_crash_r3,4,2,-1,1000,120,10,2,true,false,200,rr,4,4,4,1000,1000,1000000,0.9,0.1,0,0,0,0,0,crash,40,2,143867.44,13.895,11.704,15.571,18.216,124.88,17965618,663032,True,2,4,141875.41,14.092,,,15.181,16032792,112.98,2,124.89,2,False,OK
LT2_B3_lead_crash_r3,4,8,-1,1000,120,10,2,true,false,1600,rr,4,4,4,1000,1000,1000000,0.9,0.1,0,0,0,0,0,crash,40,2,373006.69,21.461,17.963,22.39,28.118,125.0,46624000,2622058,True,8,4,367952.07,21.737,,,25.698,41654520,113.05,8,125.28,2,False,OK
LT5_B2_f3_freeze_r3,4,4,-1,1000,120,10,2,true,false,800,rr,4,4,4,1000,1000,1000000,0.9,0.1,0,0,0,0,3,freeze,40,5,345428.7,11.581,13.271,15.223,17.734,124.74,43088800,1241448,True,4,4,348874.56,11.461,,,15.81,39411998,112.9,4,124.89,0,False,OK
LT2_B4_f3_freeze_r3,4,8,-1,4000,120,10,2,true,false,3200,rr,4,4,4,1000,1000,1000000,0.9,0.1,0,0,0,0,3,freeze,40,2,419132.01,76.322,67.885,81.164,93.724,125.22,52485607,2589895,True,8,4,415845.29,76.945,,,87.528,47135224,113.18,8,125.41,0,False,OK
LT2_B4_lead_crash_r3,4,8,-1,4000,120,10,2,true,false,3200,rr,4,4,4,1000,1000,1000000,0.9,0.1,0,0,0,0,0,crash,40,2,377802.68,79.328,69.415,84.487,95.061,125.05,47245125,2629016,True,8,4,371848.29,80.203,,,99.439,42076087,113.0,8,125.22,2,False,OK
LT1_B4_lead_crash_r3,4,8,-1,4000,120,10,2,true,false,3200,rr,4,4,4,1000,1000,1000000,0.9,0.1,0,0,0,0,0,crash,40,1,389947.33,76.729,65.653,77.539,96.749,125.15,48801103,2611871,True,8,4,382332.98,77.854,,,89.609,43301719,113.11,8,125.32,1,False,OK
LT1_B2_f3_crash_r3,4,4,-1,1000,120,10,2,true,false,800,rr,4,4,4,1000,1000,1000000,0.9,0.1,0,0,0,0,3,crash,40,1,330684.58,12.098,13.129,16.203,20.481,124.71,41240769,1270797,True,4,4,332766.65,12.016,,,15.831,37585237,112.87,4,124.86,1,False,OK
LT5_B1_f3_freeze_r3,4,2,-1,1000,120,10,2,true,false,200,rr,4,4,4,1000,1000,1000000,0.9,0.1,0,0,0,0,3,freeze,40,5,165648.52,12.068,11.941,12.75,15.338,124.82,20676774,643544,True,2,4,165676.92,12.067,,,13.602,18717981,112.94,2,124.84,0,False,OK
LT5_B4_ctl_r3,4,8,-1,4000,120,10,2,true,false,3200,rr,4,4,4,1000,1000,1000000,0.9,0.1,0,0,0,0,-1,,40,5,448734.63,71.285,65.154,78.135,90.435,125.18,56171766,2569214,True,8,4,446339.3,71.688,,,99.111,50571437,113.14,8,125.35,0,False,OK
LT1_B1_lead_freeze_r3,4,2,-1,1000,120,10,2,true,false,200,rr,4,4,4,1000,1000,1000000,0.9,0.1,0,0,0,0,0,freeze,40,1,149026.57,13.414,12.77,15.239,16.521,125.0,18627792,657699,True,2,4,147821.19,13.525,,,14.295,16723397,113.11,2,125.01,1,False,OK
LT2_B3_ctl_r3,4,8,-1,1000,120,10,2,true,false,1600,rr,4,4,4,1000,1000,1000000,0.9,0.1,0,0,0,0,-1,,40,2,424745.43,18.847,18.202,23.026,26.112,124.93,53063113,2586536,True,8,4,424130.21,18.857,,,25.449,47992965,113.0,8,125.21,0,False,OK
LT5_B3_lead_crash_r3,4,8,-1,1000,120,10,2,true,false,1600,rr,4,4,4,1000,1000,1000000,0.9,0.1,0,0,0,0,0,crash,40,5,318614.44,22.818,17.274,20.501,24.352,55.09,17552243,2856772,True,8,4,116099.5,24.441,,,28.062,13118569,112.83,8,55.37,67,True,OK
LT5_B3_f3_freeze_r3,4,8,-1,1000,120,10,2,true,false,1600,rr,4,4,4,1000,1000,1000000,0.9,0.1,0,0,0,0,3,freeze,40,5,424031.29,18.879,18.237,22.814,26.526,125.02,53010599,2575346,True,8,4,423796.85,18.872,,,24.571,47992774,113.09,8,125.3,0,False,OK
LT5_B1_lead_crash_r3,4,2,-1,1000,120,10,2,true,false,200,rr,4,4,4,1000,1000,1000000,0.9,0.1,0,0,0,0,0,crash,40,5,118710.47,16.841,12.305,14.14,15.881,124.83,14818422,684950,True,2,4,114449.86,17.47,,,14.904,12923837,112.9,2,124.85,8,True,OK
LT1_B4_lead_freeze_r3,4,8,-1,4000,120,10,2,true,false,3200,rr,4,4,4,1000,1000,1000000,0.9,0.1,0,0,0,0,0,freeze,40,1,383039.83,78.121,67.58,80.822,95.575,124.98,47871421,2623506,True,8,4,375960.47,79.176,,,91.159,42517731,112.93,8,125.16,1,False,OK
LT5_B3_ctl_r3,4,8,-1,1000,120,10,2,true,false,1600,rr,4,4,4,1000,1000,1000000,0.9,0.1,0,0,0,0,-1,,40,5,419730.59,19.072,18.471,22.823,26.508,125.27,52578985,2590240,True,8,4,419741.96,19.054,,,27.277,47639976,113.33,8,125.55,0,False,OK
LT2_B4_ctl_r3,4,8,-1,4000,120,10,2,true,false,3200,rr,4,4,4,1000,1000,1000000,0.9,0.1,0,0,0,0,-1,,40,2,436593.22,73.268,67.617,76.348,85.557,125.08,54607244,2577254,True,8,4,434129.29,73.701,,,88.18,49142763,113.05,8,125.25,0,False,OK
LT5_B3_f3_crash_r3,4,8,-1,1000,120,10,2,true,false,1600,rr,4,4,4,1000,1000,1000000,0.9,0.1,0,0,0,0,3,crash,40,5,431496.06,18.552,18.174,22.747,25.649,125.02,53945086,2572601,True,8,4,432595.47,18.488,,,24.152,48990465,113.1,8,125.3,0,False,OK
LT5_B2_ctl_r3,4,4,-1,1000,120,10,2,true,false,800,rr,4,4,4,1000,1000,1000000,0.9,0.1,0,0,0,0,-1,,40,5,300799.79,13.3,13.248,15.897,18.862,124.77,37531219,1286464,True,4,4,300764.37,13.295,,,18.034,33983112,112.93,4,124.92,0,False,OK
LT1_B2_lead_crash_r3,4,4,-1,1000,120,10,2,true,false,800,rr,4,4,4,1000,1000,1000000,0.9,0.1,0,0,0,0,0,crash,40,1,317670.09,12.594,12.515,15.557,20.2,124.97,39699200,1261483,True,4,4,317477.06,12.594,,,15.902,35937286,113.12,4,125.12,1,False,OK
LT1_B3_ctl_r4,4,8,-1,1000,120,10,2,true,false,1600,rr,4,4,4,1000,1000,1000000,0.9,0.1,0,0,0,0,-1,,40,1,408567.62,19.594,17.849,22.327,26.507,124.91,51033539,2590822,True,8,4,406782.13,19.662,,,26.01,46022137,112.99,8,125.19,0,False,OK
LT1_B1_lead_crash_r4,4,2,-1,1000,120,10,2,true,false,200,rr,4,4,4,1000,1000,1000000,0.9,0.1,0,0,0,0,0,crash,40,1,145571.09,12.844,12.295,15.043,16.273,124.97,18191600,672790,True,2,4,144140.38,12.901,,,16.245,16302603,113.07,2,124.98,1,False,OK
LT2_B4_lead_crash_r4,4,8,-1,4000,120,10,2,true,false,3200,rr,4,4,4,1000,1000,1000000,0.9,0.1,0,0,0,0,0,crash,40,2,400329.38,75.967,66.638,78.321,102.455,43.2,17292800,2872649,True,8,4,112105.52,78.558,,,98.401,12670568,112.85,8,43.37,79,True,OK
LT1_B4_f3_crash_r4,4,8,-1,4000,120,10,2,true,false,3200,rr,4,4,4,1000,1000,1000000,0.9,0.1,0,0,0,0,3,crash,40,1,432137.31,74.024,69.988,80.805,98.736,125.14,54076800,2560695,True,8,4,430968.36,74.244,,,85.724,48815055,113.11,8,125.31,0,False,OK
LT5_B3_lead_freeze_r4,4,8,-1,1000,120,10,2,true,false,1600,rr,4,4,4,1000,1000,1000000,0.9,0.1,0,0,0,0,0,freeze,40,5,359226.76,22.285,17.944,21.746,24.985,124.96,44887787,2624337,True,8,4,352164.69,22.712,,,24.748,39853797,113.0,8,125.24,5,True,OK
LT5_B1_lead_crash_r4,4,2,-1,1000,120,10,2,true,false,200,rr,4,4,4,1000,1000,1000000,0.9,0.1,0,0,0,0,0,crash,40,5,132791.49,14.211,12.209,13.828,15.091,125.13,16615790,677783,True,2,4,129974.12,14.457,,,15.177,14719203,113.22,2,125.14,8,True,OK
LT1_B4_f3_freeze_r4,4,8,-1,4000,120,10,2,true,false,3200,rr,4,4,4,1000,1000,1000000,0.9,0.1,0,0,0,0,3,freeze,40,1,429844.96,74.419,67.564,79.746,98.126,125.09,53769295,2581240,True,8,4,426846.71,74.961,,,94.519,48325460,113.06,8,125.26,0,False,OK
LT2_B3_f3_crash_r4,4,8,-1,1000,120,10,2,true,false,1600,rr,4,4,4,1000,1000,1000000,0.9,0.1,0,0,0,0,3,crash,40,2,430535.23,18.593,18.504,23.525,26.714,125.26,53928239,2570128,True,8,4,431549.15,18.533,,,24.481,48975019,113.32,8,125.54,0,False,OK
LT2_B1_f3_crash_r4,4,2,-1,1000,120,10,2,true,false,200,rr,4,4,4,1000,1000,1000000,0.9,0.1,0,0,0,0,3,crash,40,2,167318.37,11.947,12.425,14.406,16.137,124.96,20907357,640466,True,2,4,167919.91,11.906,,,15.23,18992706,113.07,2,124.97,0,False,OK
LT5_B4_lead_crash_r4,4,8,-1,4000,120,10,2,true,false,3200,rr,4,4,4,1000,1000,1000000,0.9,0.1,0,0,0,0,0,crash,40,5,359166.05,83.872,66.87,75.043,85.617,125.13,44942419,2623690,True,8,4,349458.2,85.823,,,91.358,39569295,113.06,8,125.3,5,True,OK
LT2_B2_lead_freeze_r4,4,4,-1,1000,120,10,2,true,false,800,rr,4,4,4,1000,1000,1000000,0.9,0.1,0,0,0,0,0,freeze,40,2,308983.03,12.948,12.704,16.337,19.605,124.79,38557623,1265951,True,4,4,308427.72,12.965,,,14.767,34855107,112.94,4,124.93,2,False,OK
LT5_B2_f3_crash_r4,4,4,-1,1000,120,10,2,true,false,800,rr,4,4,4,1000,1000,1000000,0.9,0.1,0,0,0,0,3,crash,40,5,338111.88,11.832,12.534,15.37,18.74,124.83,42204876,1244621,True,4,4,340841.7,11.731,,,16.021,38536638,112.98,4,124.97,0,False,OK
LT5_B2_f3_freeze_r4,4,4,-1,1000,120,10,2,true,false,800,rr,4,4,4,1000,1000,1000000,0.9,0.1,0,0,0,0,3,freeze,40,5,338048.61,11.835,12.707,16.311,20.376,124.82,42194878,1225350,True,4,4,340053.8,11.759,,,15.639,38447318,113.0,4,124.96,0,False,OK
LT5_B1_lead_freeze_r4,4,2,-1,1000,120,10,2,true,false,200,rr,4,4,4,1000,1000,1000000,0.9,0.1,0,0,0,0,0,freeze,40,5,145669.58,12.856,11.971,13.126,14.521,124.99,18207800,674663,True,2,4,143767.9,12.959,,,14.178,16263242,113.1,2,125.01,5,True,OK
LT2_B3_f3_freeze_r4,4,8,-1,1000,120,10,2,true,false,1600,rr,4,4,4,1000,1000,1000000,0.9,0.1,0,0,0,0,3,freeze,40,2,432782.13,18.496,17.961,23.015,27.026,125.04,54115266,2560297,True,8,4,433408.4,18.454,,,24.655,49094506,113.12,8,125.32,0,False,OK
LT1_B4_lead_crash_r4,4,8,-1,4000,120,10,2,true,false,3200,rr,4,4,4,1000,1000,1000000,0.9,0.1,0,0,0,0,0,crash,40,1,379793.13,78.776,69.236,75.877,86.171,125.22,47557327,2598342,True,8,4,373291.37,79.736,,,88.513,42302450,113.16,8,125.39,1,False,OK
LT2_B1_lead_crash_r4,4,2,-1,1000,120,10,2,true,false,200,rr,4,4,4,1000,1000,1000000,0.9,0.1,0,0,0,0,0,crash,40,2,142535.29,13.14,12.071,13.32,14.19,124.88,17800406,665115,True,2,4,140571.52,13.254,,,14.017,15886123,112.98,2,124.9,2,False,OK
LT5_B2_ctl_r4,4,4,-1,1000,120,10,2,true,false,800,rr,4,4,4,1000,1000,1000000,0.9,0.1,0,0,0,0,-1,,40,5,299180.17,13.373,12.658,14.465,17.452,124.86,37355213,1284752,True,4,4,298846.03,13.38,,,17.778,33790576,113.0,4,125.0,0,False,OK
LT1_B3_f3_freeze_r4,4,8,-1,1000,120,10,2,true,false,1600,rr,4,4,4,1000,1000,1000000,0.9,0.1,0,0,0,0,3,freeze,40,1,429429.25,18.641,17.438,22.165,27.295,124.79,53588800,2568102,True,8,4,430352.26,18.585,,,27.465,48643472,112.87,8,125.07,0,False,OK
LT5_B3_ctl_r4,4,8,-1,1000,120,10,2,true,false,1600,rr,4,4,4,1000,1000,1000000,0.9,0.1,0,0,0,0,-1,,40,5,427115.46,18.742,18.094,22.817,27.991,125.12,53441731,2572430,True,8,4,426818.6,18.739,,,26.347,48381123,113.19,8,125.4,0,False,OK
LT2_B4_ctl_r4,4,8,-1,4000,120,10,2,true,false,3200,rr,4,4,4,1000,1000,1000000,0.9,0.1,0,0,0,0,-1,,40,2,428015.73,74.736,68.259,80.122,97.042,125.25,53608046,2573478,True,8,4,425249.49,75.245,,,105.398,48208266,113.18,8,125.42,0,False,OK
LT5_B3_f3_crash_r4,4,8,-1,1000,120,10,2,true,false,1600,rr,4,4,4,1000,1000,1000000,0.9,0.1,0,0,0,0,3,crash,40,5,415277.7,19.277,17.48,20.778,26.083,124.97,51896078,2596893,True,8,4,412858.39,19.373,,,24.768,46732776,113.04,8,125.25,1,False,OK
LT1_B2_lead_crash_r4,4,4,-1,1000,120,10,2,true,false,800,rr,4,4,4,1000,1000,1000000,0.9,0.1,0,0,0,0,0,crash,40,1,245199.44,15.319,13.923,20.473,28.106,47.03,11532062,1485173,True,4,4,77882.3,15.564,,,19.596,8783878,112.72,4,47.18,74,True,OK
LT2_B1_ctl_r4,4,2,-1,1000,120,10,2,true,false,200,rr,4,4,4,1000,1000,1000000,0.9,0.1,0,0,0,0,-1,,40,2,166916.02,11.976,12.222,13.738,15.169,125.15,20890108,643101,True,2,4,167244.23,11.954,,,13.916,18947596,113.27,2,125.17,0,False,OK
LT5_B1_ctl_r4,4,2,-1,1000,120,10,2,true,false,200,rr,4,4,4,1000,1000,1000000,0.9,0.1,0,0,0,0,-1,,40,5,168225.25,11.883,11.852,13.367,14.543,125.14,21052524,639976,True,2,4,168251.4,11.882,,,13.988,19062558,113.29,2,125.16,0,False,OK
LT1_B4_lead_freeze_r4,4,8,-1,4000,120,10,2,true,false,3200,rr,4,4,4,1000,1000,1000000,0.9,0.1,0,0,0,0,0,freeze,40,1,386204.43,77.472,70.056,78.821,89.379,125.1,48313600,2606722,True,8,4,380300.44,78.269,,,84.094,43053456,113.03,8,125.27,1,False,OK
LT1_B1_lead_freeze_r4,4,2,-1,1000,120,10,2,true,false,200,rr,4,4,4,1000,1000,1000000,0.9,0.1,0,0,0,0,0,freeze,40,1,143286.05,13.952,12.309,14.018,15.937,124.9,17895833,676944,True,2,4,141668.13,14.113,,,16.522,16012106,113.0,2,124.91,1,False,OK
LT2_B2_f3_freeze_r4,4,4,-1,1000,120,10,2,true,false,800,rr,4,4,4,1000,1000,1000000,0.9,0.1,0,0,0,0,3,freeze,40,2,337849.96,11.842,13.217,15.452,17.855,124.93,42208466,1246256,True,4,4,341774.19,11.699,,,15.698,38675398,113.09,4,125.08,0,False,OK
LT2_B1_lead_freeze_r4,4,2,-1,1000,120,10,2,true,false,200,rr,4,4,4,1000,1000,1000000,0.9,0.1,0,0,0,0,0,freeze,40,2,147506.16,12.697,12.117,13.085,13.567,124.82,18412200,666696,True,2,4,145847.22,12.775,,,12.877,16474799,112.95,2,124.84,2,False,OK
LT1_B3_lead_freeze_r4,4,8,-1,1000,120,10,2,true,false,1600,rr,4,4,4,1000,1000,1000000,0.9,0.1,0,0,0,0,0,freeze,40,1,386581.37,20.708,18.667,22.54,26.246,125.09,48358400,2608914,True,8,4,383740.14,20.842,,,25.913,43482001,113.16,8,125.38,1,False,OK
LT1_B3_lead_crash_r4,4,8,-1,1000,120,10,2,true,false,1600,rr,4,4,4,1000,1000,1000000,0.9,0.1,0,0,0,0,0,crash,40,1,387226.58,20.673,17.129,20.439,24.633,125.1,48441600,2589148,True,8,4,381855.77,20.945,,,24.178,43272345,113.17,8,125.38,1,False,OK
LT5_B1_f3_crash_r4,4,2,-1,1000,120,10,2,true,false,200,rr,4,4,4,1000,1000,1000000,0.9,0.1,0,0,0,0,3,crash,40,5,168696.22,11.849,12.29,14.121,15.785,125.09,21102800,630075,True,2,4,169413.48,11.801,,,15.088,19185359,113.24,2,125.11,0,False,OK
LT2_B1_f3_freeze_r4,4,2,-1,1000,120,10,2,true,false,200,rr,4,4,4,1000,1000,1000000,0.9,0.1,0,0,0,0,3,freeze,40,2,166357.66,12.016,11.994,13.302,14.593,124.9,20778406,626833,True,2,4,166300.95,12.022,,,14.891,18801783,113.05,2,124.92,0,False,OK
LT1_B1_f3_crash_r4,4,2,-1,1000,120,10,2,true,false,200,rr,4,4,4,1000,1000,1000000,0.9,0.1,0,0,0,0,3,crash,40,1,166504.0,12.006,12.875,15.91,17.492,124.88,20793162,640792,True,2,4,167258.68,11.953,,,14.008,18904677,113.01,2,124.9,0,False,OK
LT1_B2_f3_freeze_r4,4,4,-1,1000,120,10,2,true,false,800,rr,4,4,4,1000,1000,1000000,0.9,0.1,0,0,0,0,3,freeze,40,1,337585.34,11.851,13.729,15.679,19.075,124.68,42089083,1240777,True,4,4,341444.32,11.71,,,16.155,38549809,112.84,4,124.83,0,False,OK
LT1_B2_lead_freeze_r4,4,4,-1,1000,120,10,2,true,false,800,rr,4,4,4,1000,1000,1000000,0.9,0.1,0,0,0,0,0,freeze,40,1,304804.83,13.126,13.836,17.011,21.484,124.83,38048800,1285961,True,4,4,306679.87,13.038,,,17.933,34671483,112.97,4,124.98,1,False,OK
LT5_B1_f3_freeze_r4,4,2,-1,1000,120,10,2,true,false,200,rr,4,4,4,1000,1000,1000000,0.9,0.1,0,0,0,0,3,freeze,40,5,167388.72,11.942,11.837,13.06,14.02,124.96,20916400,641833,True,2,4,167266.09,11.953,,,14.094,18918914,113.09,2,124.97,0,False,OK
LT5_B4_f3_crash_r4,4,8,-1,4000,120,10,2,true,false,3200,rr,4,4,4,1000,1000,1000000,0.9,0.1,0,0,0,0,3,crash,40,5,418013.56,76.524,69.012,81.055,96.128,125.23,52348800,2589758,True,8,4,414571.59,77.18,,,91.817,46992048,113.19,8,125.4,0,False,OK
LT1_B1_ctl_r4,4,2,-1,1000,120,10,2,true,false,200,rr,4,4,4,1000,1000,1000000,0.9,0.1,0,0,0,0,-1,,40,1,162770.03,12.281,12.627,14.23,15.804,125.09,20360524,645588,True,2,4,163011.77,12.265,,,15.651,18457805,113.21,2,125.1,0,False,OK
LT5_B3_lead_crash_r4,4,8,-1,1000,120,10,2,true,false,1600,rr,4,4,4,1000,1000,1000000,0.9,0.1,0,0,0,0,0,crash,40,5,316791.07,22.987,17.56,21.837,25.515,55.08,17449918,2862515,True,8,4,115763.18,24.494,,,25.592,13115686,113.14,8,55.36,67,True,OK
LT1_B2_f3_crash_r4,4,4,-1,1000,120,10,2,true,false,800,rr,4,4,4,1000,1000,1000000,0.9,0.1,0,0,0,0,3,crash,40,1,338574.28,11.968,12.309,14.268,17.824,123.47,41804000,1250215,True,4,4,340181.76,11.754,,,16.374,38538204,113.23,4,125.2,0,False,OK
LT5_B3_f3_freeze_r4,4,8,-1,1000,120,10,2,true,false,1600,rr,4,4,4,1000,1000,1000000,0.9,0.1,0,0,0,0,3,freeze,40,5,413700.05,19.35,17.913,21.461,24.483,125.23,51807913,2600951,True,8,4,412007.47,19.412,,,24.765,46743271,113.3,8,125.51,0,False,OK
LT2_B2_f3_crash_r4,4,4,-1,1000,120,10,2,true,false,800,rr,4,4,4,1000,1000,1000000,0.9,0.1,0,0,0,0,3,crash,40,2,328989.86,12.16,12.736,14.722,19.122,124.98,41118662,1260530,True,4,4,330479.2,12.099,,,15.668,37413190,113.14,4,125.13,2,False,OK
LT2_B4_f3_crash_r4,4,8,-1,4000,120,10,2,true,false,3200,rr,4,4,4,1000,1000,1000000,0.9,0.1,0,0,0,0,3,crash,40,2,419070.85,76.327,66.727,75.82,86.296,125.18,52460523,2594078,True,8,4,415857.21,76.941,,,87.605,47119407,113.16,8,125.35,0,False,OK
LT2_B3_ctl_r4,4,8,-1,1000,120,10,2,true,false,1600,rr,4,4,4,1000,1000,1000000,0.9,0.1,0,0,0,0,-1,,40,2,429181.77,18.652,18.107,22.783,27.086,125.35,53796489,2592935,True,8,4,428795.25,18.652,,,26.401,48700860,113.41,8,125.63,0,False,OK
LT2_B3_lead_freeze_r4,4,8,-1,1000,120,10,2,true,false,1600,rr,4,4,4,1000,1000,1000000,0.9,0.1,0,0,0,0,0,freeze,40,2,375035.69,21.345,17.076,20.73,25.127,124.99,46876776,2602662,True,8,4,368236.69,21.72,,,25.272,41692417,113.07,8,125.28,2,False,OK
LT5_B2_lead_crash_r4,4,4,-1,1000,120,10,2,true,false,800,rr,4,4,4,1000,1000,1000000,0.9,0.1,0,0,0,0,0,crash,40,5,212343.36,16.464,13.852,15.814,17.648,124.88,26518400,1365618,True,4,4,206055.31,16.765,,,18.699,23296287,112.99,4,125.03,5,True,OK
LT5_B4_ctl_r4,4,8,-1,4000,120,10,2,true,false,3200,rr,4,4,4,1000,1000,1000000,0.9,0.1,0,0,0,0,-1,,40,5,440008.1,72.7,69.74,80.179,95.246,125.2,55088000,2571599,True,8,4,438243.64,73.011,,,94.882,49664962,113.16,8,125.37,0,False,OK
LT1_B1_f3_freeze_r4,4,2,-1,1000,120,10,2,true,false,200,rr,4,4,4,1000,1000,1000000,0.9,0.1,0,0,0,0,3,freeze,40,1,169078.92,11.823,12.079,13.041,14.591,125.0,21134800,637814,True,2,4,169535.92,11.792,,,13.333,19181439,113.11,2,125.02,0,False,OK
LT2_B3_lead_crash_r4,4,8,-1,1000,120,10,2,true,false,1600,rr,4,4,4,1000,1000,1000000,0.9,0.1,0,0,0,0,0,crash,40,2,373365.9,21.441,17.704,21.785,28.0,124.9,46635200,2617137,True,8,4,368075.15,21.73,,,29.015,41640209,112.98,8,125.19,2,False,OK
LT2_B2_ctl_r4,4,4,-1,1000,120,10,2,true,false,800,rr,4,4,4,1000,1000,1000000,0.9,0.1,0,0,0,0,-1,,40,2,297747.63,13.437,13.459,15.543,18.304,124.83,37167090,1288523,True,4,4,297447.04,13.443,,,17.408,33625650,112.97,4,124.97,0,False,OK
LT5_B4_f3_freeze_r4,4,8,-1,4000,120,10,2,true,false,3200,rr,4,4,4,1000,1000,1000000,0.9,0.1,0,0,0,0,3,freeze,40,5,434345.3,73.645,64.888,72.278,86.759,125.09,54331325,2582763,True,8,4,430504.98,74.324,,,82.445,48736019,113.05,8,125.26,0,False,OK
LT2_B2_lead_crash_r4,4,4,-1,1000,120,10,2,true,false,800,rr,4,4,4,1000,1000,1000000,0.9,0.1,0,0,0,0,0,crash,40,2,303860.12,13.166,12.996,15.134,17.728,124.8,37922234,1274477,True,4,4,303516.48,13.174,,,16.561,34301071,112.94,4,124.95,2,False,OK
LT2_B4_lead_freeze_r4,4,8,-1,4000,120,10,2,true,false,3200,rr,4,4,4,1000,1000,1000000,0.9,0.1,0,0,0,0,0,freeze,40,2,392693.32,81.46,68.551,83.265,94.364,125.13,49135967,2600110,True,8,4,387066.85,82.663,,,87.58,43832877,113.08,8,125.3,2,False,OK
LT2_B4_f3_freeze_r4,4,8,-1,4000,120,10,2,true,false,3200,rr,4,4,4,1000,1000,1000000,0.9,0.1,0,0,0,0,3,freeze,40,2,414914.32,77.096,69.576,80.788,92.675,125.1,51904000,2597140,True,8,4,411214.92,77.812,,,92.163,46554180,113.06,8,125.27,0,False,OK
LT5_B4_lead_freeze_r4,4,8,-1,4000,120,10,2,true,false,3200,rr,4,4,4,1000,1000,1000000,0.9,0.1,0,0,0,0,0,freeze,40,5,363432.12,82.889,68.164,80.152,92.273,125.14,45481600,2614809,True,8,4,354748.89,84.544,,,89.842,40175072,113.09,8,125.32,5,True,OK
LT1_B2_ctl_r4,4,4,-1,1000,120,10,2,true,false,800,rr,4,4,4,1000,1000,1000000,0.9,0.1,0,0,0,0,-1,,40,1,293724.08,13.621,14.326,17.133,18.868,124.94,36696613,1306264,True,4,4,294350.23,13.585,,,17.246,33304954,113.07,4,125.08,0,False,OK
LT1_B4_ctl_r4,4,8,-1,4000,120,10,2,true,false,3200,rr,4,4,4,1000,1000,1000000,0.9,0.1,0,0,0,0,-1,,40,1,444324.28,71.993,69.307,77.833,89.234,125.08,55576109,2568444,True,8,4,443465.72,72.153,,,89.152,50203988,113.04,8,125.25,0,False,OK
LT5_B2_lead_freeze_r4,4,4,-1,1000,120,10,2,true,false,800,rr,4,4,4,1000,1000,1000000,0.9,0.1,0,0,0,0,0,freeze,40,5,301040.6,13.29,12.915,14.827,16.901,124.85,37586327,1267767,True,4,4,299812.56,13.337,,,15.081,33899277,113.0,4,125.0,5,True,OK
LT1_B3_f3_crash_r4,4,8,-1,1000,120,10,2,true,false,1600,rr,4,4,4,1000,1000,1000000,0.9,0.1,0,0,0,0,3,crash,40,1,424593.91,18.854,18.353,22.495,27.92,125.31,53205381,2576939,True,8,4,424258.07,18.851,,,23.584,48170380,113.39,8,125.59,0,False,OK
LT1_B1_lead_crash_r5,4,2,-1,1000,120,10,2,true,false,200,rr,4,4,4,1000,1000,1000000,0.9,0.1,0,0,0,0,0,crash,40,1,146190.49,13.674,12.751,15.453,17.185,125.05,18281400,675349,True,2,4,145438.81,13.746,,,14.946,16460239,113.16,2,125.07,1,False,OK
LT5_B1_f3_crash_r5,4,2,-1,1000,120,10,2,true,false,200,rr,4,4,4,1000,1000,1000000,0.9,0.1,0,0,0,0,3,crash,40,5,167783.99,11.914,12.4,14.926,16.413,124.95,20965120,627040,True,2,4,168487.55,11.865,,,15.504,19058241,113.09,2,124.97,0,False,OK
LT5_B2_f3_freeze_r5,4,4,-1,1000,120,10,2,true,false,800,rr,4,4,4,1000,1000,1000000,0.9,0.1,0,0,0,0,3,freeze,40,5,339506.23,11.784,13.884,17.133,19.461,124.93,42415200,1247665,True,4,4,344142.1,11.619,,,16.195,38945210,113.1,4,125.08,0,False,OK
LT5_B2_lead_freeze_r5,4,4,-1,1000,120,10,2,true,false,800,rr,4,4,4,1000,1000,1000000,0.9,0.1,0,0,0,0,0,freeze,40,5,295372.24,13.545,13.242,15.651,18.189,124.82,36867907,1335962,True,4,4,295138.8,13.548,,,17.18,33359384,112.96,4,124.96,5,True,OK
LT1_B1_ctl_r5,4,2,-1,1000,120,10,2,true,false,200,rr,4,4,4,1000,1000,1000000,0.9,0.1,0,0,0,0,-1,,40,1,162556.08,12.298,12.127,13.461,15.062,125.06,20329958,641028,True,2,4,162381.79,12.312,,,15.117,18380840,113.17,2,125.08,0,False,OK
LT1_B4_f3_crash_r5,4,8,-1,4000,120,10,2,true,false,3200,rr,4,4,4,1000,1000,1000000,0.9,0.1,0,0,0,0,3,crash,40,1,395335.8,80.914,68.393,79.578,89.432,125.16,49480058,2603844,True,8,4,389817.67,82.084,,,88.312,44154373,113.1,8,125.33,4,False,OK
LT2_B4_ctl_r5,4,8,-1,4000,120,10,2,true,false,3200,rr,4,4,4,1000,1000,1000000,0.9,0.1,0,0,0,0,-1,,40,2,442033.32,72.366,66.016,76.848,94.914,125.1,55296683,2595162,True,8,4,439933.14,72.732,,,98.95,49809733,113.07,8,125.27,0,False,OK
LT5_B4_ctl_r5,4,8,-1,4000,120,10,2,true,false,3200,rr,4,4,4,1000,1000,1000000,0.9,0.1,0,0,0,0,-1,,40,5,428821.06,74.594,66.766,74.487,84.362,125.14,53660870,2568778,True,8,4,425600.63,75.18,,,90.269,48202079,113.1,8,125.31,0,False,OK
LT5_B3_ctl_r5,4,8,-1,1000,120,10,2,true,false,1600,rr,4,4,4,1000,1000,1000000,0.9,0.1,0,0,0,0,-1,,40,5,436552.12,18.337,17.608,21.363,25.183,125.03,54583942,2574101,True,8,4,436333.97,18.33,,,25.333,49423391,113.11,8,125.31,0,False,OK
LT1_B3_lead_freeze_r5,4,8,-1,1000,120,10,2,true,false,1600,rr,4,4,4,1000,1000,1000000,0.9,0.1,0,0,0,0,0,freeze,40,1,376806.56,21.245,17.57,21.369,25.535,125.07,47128025,2618054,True,8,4,370903.69,21.564,,,25.193,42019799,113.13,8,125.35,1,False,OK
LT2_B2_ctl_r5,4,4,-1,1000,120,10,2,true,false,800,rr,4,4,4,1000,1000,1000000,0.9,0.1,0,0,0,0,-1,,40,2,301000.03,13.292,12.496,14.84,17.113,125.0,37624188,1265141,True,4,4,300788.35,13.294,,,16.87,34054103,113.15,4,125.15,0,False,OK
LT5_B1_ctl_r5,4,2,-1,1000,120,10,2,true,false,200,rr,4,4,4,1000,1000,1000000,0.9,0.1,0,0,0,0,-1,,40,5,164526.88,12.15,11.669,12.499,13.192,124.96,20558736,643799,True,2,4,164132.34,12.181,,,14.613,18562781,113.07,2,124.97,0,False,OK
LT5_B3_f3_crash_r5,4,8,-1,1000,120,10,2,true,false,1600,rr,4,4,4,1000,1000,1000000,0.9,0.1,0,0,0,0,3,crash,40,5,420830.23,19.022,17.512,21.747,27.526,125.09,52641600,2584306,True,8,4,418624.27,19.105,,,23.751,47437914,113.16,8,125.37,4,False,OK
LT1_B3_f3_crash_r5,4,8,-1,1000,120,10,2,true,false,1600,rr,4,4,4,1000,1000,1000000,0.9,0.1,0,0,0,0,3,crash,40,1,437782.95,18.285,17.168,21.246,25.807,124.87,54665754,2568263,True,8,4,436651.09,18.316,,,23.229,49384213,112.94,8,125.15,0,False,OK
LT2_B2_lead_freeze_r5,4,4,-1,1000,120,10,2,true,false,800,rr,4,4,4,1000,1000,1000000,0.9,0.1,0,0,0,0,0,freeze,40,2,306187.53,13.067,13.983,16.476,19.912,124.81,38214400,1271297,True,4,4,307484.14,13.004,,,16.634,34753831,112.96,4,124.95,2,False,OK
LT5_B2_f3_crash_r5,4,4,-1,1000,120,10,2,true,false,800,rr,4,4,4,1000,1000,1000000,0.9,0.1,0,0,0,0,3,crash,40,5,344203.71,11.623,13.595,16.369,20.532,124.9,42991202,1237798,True,4,4,348799.0,11.463,,,16.032,39465105,113.08,4,125.05,0,False,OK
LT5_B4_f3_crash_r5,4,8,-1,4000,120,10,2,true,false,3200,rr,4,4,4,1000,1000,1000000,0.9,0.1,0,0,0,0,3,crash,40,5,428001.5,74.736,66.012,75.657,88.713,125.32,53638400,2577328,True,8,4,423827.17,75.494,,,93.971,48083330,113.29,8,125.5,0,False,OK
LT2_B2_f3_freeze_r5,4,4,-1,1000,120,10,2,true,false,800,rr,4,4,4,1000,1000,1000000,0.9,0.1,0,0,0,0,3,freeze,40,2,338207.32,11.829,12.514,14.07,17.829,124.81,42210039,1245428,True,4,4,340534.25,11.742,,,15.753,38492385,112.96,4,124.96,0,False,OK
LT2_B4_f3_crash_r5,4,8,-1,4000,120,10,2,true,false,3200,rr,4,4,4,1000,1000,1000000,0.9,0.1,0,0,0,0,3,crash,40,2,445208.24,71.847,64.428,76.891,90.037,125.15,55716642,2581309,True,8,4,442004.42,72.392,,,88.077,50067619,113.12,8,125.32,0,False,OK
LT2_B3_ctl_r5,4,8,-1,1000,120,10,2,true,false,1600,rr,4,4,4,1000,1000,1000000,0.9,0.1,0,0,0,0,-1,,40,2,427770.96,18.713,18.473,22.969,27.17,125.48,53675032,2552646,True,8,4,427821.31,18.695,,,28.128,48646282,113.54,8,125.76,0,False,OK
LT1_B3_lead_crash_r5,4,8,-1,1000,120,10,2,true,false,1600,rr,4,4,4,1000,1000,1000000,0.9,0.1,0,0,0,0,0,crash,40,1,387337.7,20.667,18.168,23.327,28.099,125.03,48429026,2603893,True,8,4,384509.98,20.801,,,27.818,43546392,113.1,8,125.31,1,False,OK
LT2_B2_lead_crash_r5,4,4,-1,1000,120,10,2,true,false,800,rr,4,4,4,1000,1000,1000000,0.9,0.1,0,0,0,0,0,crash,40,2,285710.71,14.003,13.148,14.718,16.268,124.87,35676825,1316059,True,4,4,283816.52,14.089,,,16.572,32092943,113.01,4,125.01,5,True,OK
LT1_B1_f3_crash_r5,4,2,-1,1000,120,10,2,true,false,200,rr,4,4,4,1000,1000,1000000,0.9,0.1,0,0,0,0,3,crash,40,1,167347.32,11.945,11.8,13.441,14.691,124.95,20910481,640663,True,2,4,167289.34,11.951,,,13.898,18919528,113.07,2,124.97,0,False,OK
LT1_B2_ctl_r5,4,4,-1,1000,120,10,2,true,false,800,rr,4,4,4,1000,1000,1000000,0.9,0.1,0,0,0,0,-1,,40,1,297081.06,13.467,12.883,15.528,18.052,124.82,37080848,1283404,True,4,4,296806.79,13.472,,,17.603,33548402,112.97,4,124.97,0,False,OK
LT2_B4_f3_freeze_r5,4,8,-1,4000,120,10,2,true,false,3200,rr,4,4,4,1000,1000,1000000,0.9,0.1,0,0,0,0,3,freeze,40,2,433208.84,73.842,69.508,82.277,100.621,125.1,54193208,2563690,True,8,4,431395.04,74.172,,,96.545,48845896,113.07,8,125.28,0,False,OK
LT5_B4_lead_crash_r5,4,8,-1,4000,120,10,2,true,false,3200,rr,4,4,4,1000,1000,1000000,0.9,0.1,0,0,0,0,0,crash,40,5,366276.35,87.333,65.496,77.039,94.131,125.12,45830315,2641082,True,8,4,356327.96,89.793,,,106.085,40346888,113.07,8,125.3,5,True,OK
LT1_B1_lead_freeze_r5,4,2,-1,1000,120,10,2,true,false,200,rr,4,4,4,1000,1000,1000000,0.9,0.1,0,0,0,0,0,freeze,40,1,145857.88,12.795,12.397,14.657,16.356,125.19,18260400,677977,True,2,4,144799.58,12.817,,,15.736,16409539,113.31,2,125.21,1,False,OK
LT2_B1_lead_freeze_r5,4,2,-1,1000,120,10,2,true,false,200,rr,4,4,4,1000,1000,1000000,0.9,0.1,0,0,0,0,0,freeze,40,2,148952.9,12.541,12.24,13.762,15.401,124.94,18610600,646714,True,2,4,147597.43,12.587,,,13.984,16689661,113.05,2,124.96,2,False,OK
LT1_B4_ctl_r5,4,8,-1,4000,120,10,2,true,false,3200,rr,4,4,4,1000,1000,1000000,0.9,0.1,0,0,0,0,-1,,40,1,429461.31,74.484,67.328,85.626,105.306,125.31,53814400,2582788,True,8,4,427258.51,74.89,,,117.251,48463033,113.28,8,125.48,0,False,OK
LT5_B3_f3_freeze_r5,4,8,-1,1000,120,10,2,true,false,1600,rr,4,4,4,1000,1000,1000000,0.9,0.1,0,0,0,0,3,freeze,40,5,428267.51,18.691,17.752,22.285,25.94,125.04,53552000,2580541,True,8,4,428313.52,18.673,,,23.58,48517353,113.13,8,125.32,0,False,OK
LT2_B1_lead_crash_r5,4,2,-1,1000,120,10,2,true,false,200,rr,4,4,4,1000,1000,1000000,0.9,0.1,0,0,0,0,0,crash,40,2,142662.94,13.128,12.094,13.342,14.315,125.02,17836372,674695,True,2,4,140682.95,13.243,,,13.852,15918100,113.12,2,125.04,2,False,OK
LT1_B3_f3_freeze_r5,4,8,-1,1000,120,10,2,true,false,1600,rr,4,4,4,1000,1000,1000000,0.9,0.1,0,0,0,0,3,freeze,40,1,408132.16,19.614,19.969,25.6,29.795,125.07,51044227,2579890,True,8,4,408121.02,19.597,,,27.952,46236450,113.13,8,125.35,0,False,OK
LT1_B2_f3_crash_r5,4,4,-1,1000,120,10,2,true,false,800,rr,4,4,4,1000,1000,1000000,0.9,0.1,0,0,0,0,3,crash,40,1,345650.79,11.574,13.578,16.571,19.71,124.88,43164578,1226492,True,4,4,349866.72,11.428,,,15.001,39579823,113.06,4,125.03,0,False,OK
LT1_B4_f3_freeze_r5,4,8,-1,4000,120,10,2,true,false,3200,rr,4,4,4,1000,1000,1000000,0.9,0.1,0,0,0,0,3,freeze,40,1,434190.59,73.671,68.045,81.742,98.322,125.32,54412800,2586929,True,8,4,431891.6,74.085,,,89.804,48995151,113.27,8,125.49,0,False,OK
LT1_B2_lead_freeze_r5,4,4,-1,1000,120,10,2,true,false,800,rr,4,4,4,1000,1000,1000000,0.9,0.1,0,0,0,0,0,freeze,40,1,313737.3,12.752,12.029,15.221,17.428,124.89,39182682,1258112,True,4,4,313626.72,12.749,,,16.213,35474397,113.05,4,125.04,1,False,OK
LT5_B2_lead_crash_r5,4,4,-1,1000,120,10,2,true,false,800,rr,4,4,4,1000,1000,1000000,0.9,0.1,0,0,0,0,0,crash,40,5,283294.45,14.123,13.843,16.716,18.788,124.94,35393432,1345017,True,4,4,282064.4,14.177,,,17.203,31913041,113.08,4,125.08,5,True,OK
LT5_B4_f3_freeze_r5,4,8,-1,4000,120,10,2,true,false,3200,rr,4,4,4,1000,1000,1000000,0.9,0.1,0,0,0,0,3,freeze,40,5,435145.05,73.513,67.762,77.759,90.718,125.43,54582400,2574666,True,8,4,433159.78,73.867,,,85.702,49187454,113.38,8,125.61,0,False,OK
LT5_B1_lead_crash_r5,4,2,-1,1000,120,10,2,true,false,200,rr,4,4,4,1000,1000,1000000,0.9,0.1,0,0,0,0,0,crash,40,5,135882.35,14.712,12.363,15.87,17.731,125.11,16999748,672415,True,2,4,133751.35,14.948,,,14.632,15144099,113.2,2,125.12,5,True,OK
LT2_B2_f3_crash_r5,4,4,-1,1000,120,10,2,true,false,800,rr,4,4,4,1000,1000,1000000,0.9,0.1,0,0,0,0,3,crash,40,2,343728.65,11.639,13.104,15.978,18.693,124.7,42863578,1232514,True,4,4,346899.87,11.526,,,15.724,39179047,112.88,4,124.85,0,False,OK
LT5_B2_ctl_r5,4,4,-1,1000,120,10,2,true,false,800,rr,4,4,4,1000,1000,1000000,0.9,0.1,0,0,0,0,-1,,40,5,290859.43,13.755,13.121,14.696,16.474,124.95,36343112,1306197,True,4,4,289935.57,13.792,,,18.497,32808865,113.09,4,125.1,0,False,OK
LT1_B2_f3_freeze_r5,4,4,-1,1000,120,10,2,true,false,800,rr,4,4,4,1000,1000,1000000,0.9,0.1,0,0,0,0,3,freeze,40,1,332543.88,12.03,13.92,16.025,17.673,124.84,41515420,1280766,True,4,4,336487.54,11.883,,,17.032,38044645,113.0,4,124.98,0,False,OK
LT5_B4_lead_freeze_r5,4,8,-1,4000,120,10,2,true,false,3200,rr,4,4,4,1000,1000,1000000,0.9,0.1,0,0,0,0,0,freeze,40,5,363041.3,82.986,65.61,74.275,85.724,125.03,45392000,2636080,True,8,4,352658.44,85.049,,,88.843,39901369,112.98,8,125.21,5,True,OK
LT1_B3_ctl_r5,4,8,-1,1000,120,10,2,true,false,1600,rr,4,4,4,1000,1000,1000000,0.9,0.1,0,0,0,0,-1,,40,1,431764.25,18.54,17.832,22.634,27.408,125.21,54060800,2571417,True,8,4,431342.15,18.542,,,26.18,48932618,113.28,8,125.49,0,False,OK
LT2_B1_f3_crash_r5,4,2,-1,1000,120,10,2,true,false,200,rr,4,4,4,1000,1000,1000000,0.9,0.1,0,0,0,0,3,crash,40,2,165516.14,12.077,12.592,15.854,17.332,125.11,20706993,632457,True,2,4,165921.94,12.05,,,14.187,18790696,113.24,2,125.12,0,False,OK
LT5_B3_lead_freeze_r5,4,8,-1,1000,120,10,2,true,false,1600,rr,4,4,4,1000,1000,1000000,0.9,0.1,0,0,0,0,0,freeze,40,5,307149.4,25.554,17.378,20.777,26.725,58.11,17848000,2854117,True,8,4,119139.74,27.944,,,27.56,13463356,112.85,8,58.39,64,True,OK
LT1_B4_lead_crash_r5,4,8,-1,4000,120,10,2,true,false,3200,rr,4,4,4,1000,1000,1000000,0.9,0.1,0,0,0,0,0,crash,40,1,381362.87,78.458,69.622,79.932,90.035,125.07,47696000,2620214,True,8,4,375685.45,79.234,,,99.335,42519056,113.02,8,125.24,1,False,OK
LT2_B3_f3_freeze_r5,4,8,-1,1000,120,10,2,true,false,1600,rr,4,4,4,1000,1000,1000000,0.9,0.1,0,0,0,0,3,freeze,40,2,433479.08,18.467,17.482,22.008,27.464,125.05,54206636,2584355,True,8,4,433087.48,18.467,,,23.431,49061436,113.13,8,125.33,0,False,OK
LT2_B4_lead_crash_r5,4,8,-1,4000,120,10,2,true,false,3200,rr,4,4,4,1000,1000,1000000,0.9,0.1,0,0,0,0,0,crash,40,2,378145.7,79.258,68.833,79.05,86.879,125.01,47271223,2617137,True,8,4,371233.27,80.335,,,91.989,41988971,112.93,8,125.18,2,False,OK
LT5_B1_f3_freeze_r5,4,2,-1,1000,120,10,2,true,false,200,rr,4,4,4,1000,1000,1000000,0.9,0.1,0,0,0,0,3,freeze,40,5,167421.12,11.94,12.035,13.864,15.354,124.98,20924000,643615,True,2,4,167627.75,11.926,,,14.249,18963730,113.11,2,125.0,0,False,OK
LT2_B3_lead_crash_r5,4,8,-1,1000,120,10,2,true,false,1600,rr,4,4,4,1000,1000,1000000,0.9,0.1,0,0,0,0,0,crash,40,2,371737.3,21.535,18.996,23.295,27.933,124.93,46439943,2607971,True,8,4,368365.92,21.713,,,28.514,41678834,112.99,8,125.21,2,False,OK
LT1_B4_lead_freeze_r5,4,8,-1,4000,120,10,2,true,false,3200,rr,4,4,4,1000,1000,1000000,0.9,0.1,0,0,0,0,0,freeze,40,1,384529.5,77.808,68.104,76.709,88.088,125.05,48084350,2619619,True,8,4,378255.95,78.692,,,85.144,42801109,112.98,8,125.22,1,False,OK
LT1_B1_f3_freeze_r5,4,2,-1,1000,120,10,2,true,false,200,rr,4,4,4,1000,1000,1000000,0.9,0.1,0,0,0,0,3,freeze,40,1,168792.92,11.843,11.877,13.172,14.386,124.95,21090200,642489,True,2,4,168905.58,11.836,,,13.548,19103216,113.08,2,124.96,0,False,OK
LT2_B3_lead_freeze_r5,4,8,-1,1000,120,10,2,true,false,1600,rr,4,4,4,1000,1000,1000000,0.9,0.1,0,0,0,0,0,freeze,40,2,373202.94,21.45,17.598,22.343,25.599,125.11,46691181,2617181,True,8,4,367847.12,21.743,,,25.174,41687016,113.17,8,125.39,2,False,OK
LT2_B4_lead_freeze_r5,4,8,-1,4000,120,10,2,true,false,3200,rr,4,4,4,1000,1000,1000000,0.9,0.1,0,0,0,0,0,freeze,40,2,379060.52,79.066,70.011,80.224,90.665,125.18,47449794,2624421,True,8,4,372950.66,79.96,,,89.782,42251539,113.12,8,125.36,2,False,OK
LT2_B1_ctl_r5,4,2,-1,1000,120,10,2,true,false,200,rr,4,4,4,1000,1000,1000000,0.9,0.1,0,0,0,0,-1,,40,2,164283.89,12.168,12.196,14.641,16.438,124.95,20526861,627997,True,2,4,164378.81,12.163,,,15.931,18589896,113.08,2,124.96,0,False,OK
LT2_B3_f3_crash_r5,4,8,-1,1000,120,10,2,true,false,1600,rr,4,4,4,1000,1000,1000000,0.9,0.1,0,0,0,0,3,crash,40,2,422738.8,18.937,17.31,20.512,24.46,124.88,52790400,2592506,True,8,4,420912.03,19.002,,,24.039,47608775,112.95,8,125.16,0,False,OK
LT5_B1_lead_freeze_r5,4,2,-1,1000,120,10,2,true,false,200,rr,4,4,4,1000,1000,1000000,0.9,0.1,0,0,0,0,0,freeze,40,5,145749.88,13.716,11.949,13.311,14.458,124.93,18209159,666682,True,2,4,143884.36,13.895,,,14.491,16269144,113.06,2,124.95,5,True,OK
LT5_B3_lead_crash_r5,4,8,-1,1000,120,10,2,true,false,1600,rr,4,4,4,1000,1000,1000000,0.9,0.1,0,0,0,0,0,crash,40,5,352973.52,22.68,17.925,21.948,26.826,124.89,44084507,2610634,True,8,4,345873.94,23.124,,,25.992,39119855,112.95,8,125.18,5,True,OK
LT1_B2_lead_crash_r5,4,4,-1,1000,120,10,2,true,false,800,rr,4,4,4,1000,1000,1000000,0.9,0.1,0,0,0,0,0,crash,40,1,302114.98,13.243,13.899,16.91,18.641,124.79,37700000,1253872,True,4,4,302339.08,13.225,,,16.296,34166706,112.94,4,124.94,1,False,OK
LT2_B1_f3_freeze_r5,4,2,-1,1000,120,10,2,true,false,200,rr,4,4,4,1000,1000,1000000,0.9,0.1,0,0,0,0,3,freeze,40,2,164596.47,12.144,11.897,12.654,14.943,124.83,20546128,634372,True,2,4,164337.86,12.165,,,13.139,18567004,112.97,2,124.84,0,False,OK
